subject,subject_label,relation,object,object_label,sentence,source_url
pieuvre,SPECIES,rejeter,l' eau quand ses branchies en ont prélevé l' oxygène,NOUN,La pieuvre a un siphon juste derrière la tête sur un côté de son manteau qu'elle utilise de trois façons : fréquemment pour rejeter l'eau quand ses branchies en ont prélevé l'oxygène ;,https://fr.wikipedia.org/wiki/Pieuvre%20commune
pieuvre,SPECIES,prélever,l' oxygène,NOUN,La pieuvre a un siphon juste derrière la tête sur un côté de son manteau qu'elle utilise de trois façons : fréquemment pour rejeter l'eau quand ses branchies en ont prélevé l'oxygène ;,https://fr.wikipedia.org/wiki/Pieuvre%20commune
pieuvre commune,SPECIES,entreprendre,la construction d' un refuge,NOUN,"Lorsqu'elle se trouve dans un milieu sablonneux, la pieuvre commune entreprend parfois la construction d'un refuge.",https://fr.wikipedia.org/wiki/Pieuvre%20commune
pieuvre commune,SPECIES,guette,ses proies,NOUN,"La pieuvre commune chasse au crépuscule, terrée dans les trous et les anfractuosités, où elle guette ses proies.",https://fr.wikipedia.org/wiki/Pieuvre%20commune
pieuvre,SPECIES,utiliser,son bec,NOUN,"Si la victime est un mollusque bivalve, la pieuvre utilise son bec pour percer un trou dans la coque avant de sucer le contenu charnu.",https://fr.wikipedia.org/wiki/Pieuvre%20commune
pieuvre,SPECIES,percer,un trou dans la coque,NOUN,"Si la victime est un mollusque bivalve, la pieuvre utilise son bec pour percer un trou dans la coque avant de sucer le contenu charnu.",https://fr.wikipedia.org/wiki/Pieuvre%20commune
pieuvre,SPECIES,sucer,le contenu charnu,NOUN,"Si la victime est un mollusque bivalve, la pieuvre utilise son bec pour percer un trou dans la coque avant de sucer le contenu charnu.",https://fr.wikipedia.org/wiki/Pieuvre%20commune
pieuvre commune,SPECIES,distinguer,la luminosité,NOUN,"Des expériences d'apprentissage ont montré que la pieuvre commune peut distinguer la luminosité, la taille, la forme et l'orientation verticale ou horizontale des objets.",https://fr.wikipedia.org/wiki/Pieuvre%20commune
pieuvre commune,SPECIES,distinguer,"la taille , la forme et l' orientation verticale ou horizontale des objets",NOUN,"Des expériences d'apprentissage ont montré que la pieuvre commune peut distinguer la luminosité, la taille, la forme et l'orientation verticale ou horizontale des objets.",https://fr.wikipedia.org/wiki/Pieuvre%20commune
pieuvre commune,SPECIES,dévisser,un pot contenant de la nourriture,NOUN,"La pieuvre commune est assez intelligente pour apprendre à dévisser un pot contenant de la nourriture, elle est aussi connue pour sa capacité à piller les casiers à homards.",https://fr.wikipedia.org/wiki/Pieuvre%20commune
pieuvre commune,SPECIES,piller,les casiers à homards,NOUN,"La pieuvre commune est assez intelligente pour apprendre à dévisser un pot contenant de la nourriture, elle est aussi connue pour sa capacité à piller les casiers à homards.",https://fr.wikipedia.org/wiki/Pieuvre%20commune
pieuvre commune,SPECIES,regagner,le Pacifique,NOUN,"En avril 2016, Inky, une pieuvre commune mâle qui résidait à l'Aquarium national de Nouvelle-Zélande de Napier depuis 2014, est vraisemblablement parvenue à s'échapper de son bassin pour regagner le P",https://fr.wikipedia.org/wiki/Pieuvre%20commune
pieuvre commune,SPECIES,trouver,l’ entrée,NOUN,"En avril 2016, Inky, une pieuvre commune mâle qui résidait à l'Aquarium national de Nouvelle-Zélande de Napier depuis 2014, est vraisemblablement parvenue à s'échapper de son bassin pour regagner le P",https://fr.wikipedia.org/wiki/Pieuvre%20commune
céphalopode,SPECIES,valider,la théorie la plus plausible pour expliquer la disparition du céphalopode de son bassin,NOUN,"Ses gardiens ont repéré au sol des traces gluantes menant au drain, validant ainsi la théorie la plus plausible pour expliquer la disparition du céphalopode de son bassin.",https://fr.wikipedia.org/wiki/Pieuvre%20commune
céphalopode,SPECIES,expliquer,la disparition du céphalopode de son bassin,NOUN,"Ses gardiens ont repéré au sol des traces gluantes menant au drain, validant ainsi la théorie la plus plausible pour expliquer la disparition du céphalopode de son bassin.",https://fr.wikipedia.org/wiki/Pieuvre%20commune
pieuvre,SPECIES,comporte,quatre paires de bras qui mesurent environ 3 m de longueur chacun,NOUN,"== Description == La pieuvre géante, d'une couleur rougeâtre, comporte quatre paires de bras qui mesurent environ 3 m de longueur chacun.",https://fr.wikipedia.org/wiki/Pieuvre%20g%C3%A9ante%20du%20Pacifique
pieuvre,SPECIES,mesurer,3 m de longueur chacun,NOUN,"== Description == La pieuvre géante, d'une couleur rougeâtre, comporte quatre paires de bras qui mesurent environ 3 m de longueur chacun.",https://fr.wikipedia.org/wiki/Pieuvre%20g%C3%A9ante%20du%20Pacifique
pieuvre,SPECIES,atteindre,l' âge adulte,NOUN,Rares sont les pieuvres qui atteignent l'âge adulte.,https://fr.wikipedia.org/wiki/Pieuvre%20g%C3%A9ante%20du%20Pacifique
pieuvre,SPECIES,manger,des poissons,NOUN,"Elle peut aussi manger des poissons, des requins et même d'autres pieuvres.",https://fr.wikipedia.org/wiki/Pieuvre%20g%C3%A9ante%20du%20Pacifique
pieuvre,SPECIES,libérer,un nuage d' encre noire,NOUN,"Lorsqu'elle se sent en danger, la pieuvre géante libère un nuage d'encre noire qui la masque à l'agresseur, elle peut alors s'échapper.",https://fr.wikipedia.org/wiki/Pieuvre%20g%C3%A9ante%20du%20Pacifique
pieuvre,SPECIES,libérer,qui la masque à l' agresseur,NOUN,"Lorsqu'elle se sent en danger, la pieuvre géante libère un nuage d'encre noire qui la masque à l'agresseur, elle peut alors s'échapper.",https://fr.wikipedia.org/wiki/Pieuvre%20g%C3%A9ante%20du%20Pacifique
pieuvre,SPECIES,soulever,plus d' une tonne,NOUN,"Grâce à celles-ci, la pieuvre géante peut soulever plus d'une tonne.",https://fr.wikipedia.org/wiki/Pieuvre%20g%C3%A9ante%20du%20Pacifique
pieuvre,SPECIES,étirer,son corps,NOUN,"Une pieuvre géante peut facilement se glisser soit dans un trou, soit dans une crevasse de quelques centimètres seulement, car elle est suffisamment molle pour étirer tout son corps et se glisser dans",https://fr.wikipedia.org/wiki/Pieuvre%20g%C3%A9ante%20du%20Pacifique
pieuvre,SPECIES,atteindre,la plus grande pieuvre du monde,NOUN,"La pieuvre géante du Pacifique dans Faune et flore du pays (Canada) Mehdi Smaini, « Géante sous-marine : quelle taille peut atteindre la plus grande pieuvre du monde ?",https://fr.wikipedia.org/wiki/Pieuvre%20g%C3%A9ante%20du%20Pacifique
poulpe,SPECIES,atteindre,un mètre,NOUN,"== Description == C'est un gros poulpe pouvant mesurer jusqu'à 1,40 m de diamètre total, tentacules étendus, pour un corps d'une quarantaine de centimètres (les bras atteignent rarement un mètre, et m",https://fr.wikipedia.org/wiki/Octopus%20cyanea
poulpe,SPECIES,rencontre,ce poulpe,NOUN,== Habitat et répartition == On rencontre ce poulpe dans les récifs de corail de l'Indo-pacifique tropical.,https://fr.wikipedia.org/wiki/Octopus%20cyanea
eledone cirrhosa,SPECIES,porter,des yeux latéraux bien développés,NOUN,"== Description == La pieuvre blanche, Eledone cirrhosa (Lamarck, 1798) a un corps allongé avec une tête petite étroite et ovoïde, portant des yeux latéraux bien développés.",https://fr.wikipedia.org/wiki/Pieuvre%20blanche
eledone cirrhosa,SPECIES,entourer,l’ œsophage et situé à l' intérieur de la capsule cartilagineuse,NOUN,Le cerveau d'Eledone cirrhosa d’un point de vue morphologique a trois parties : le cerveau central qui entoure l’œsophage et situé à l'intérieur de la capsule cartilagineuse.,https://fr.wikipedia.org/wiki/Pieuvre%20blanche
eledone cirrhosa,SPECIES,posséder,"une couronne de 8 bras sub-égaux , relativement courts",NOUN,"Eledone cirrhosa possède une couronne de 8 bras sub-égaux, relativement courts avec une seule rangée de ventouses sessiles insérées sur la face ventrale de chaque bras.",https://fr.wikipedia.org/wiki/Pieuvre%20blanche
pieuvre,SPECIES,mesurer,environ 50 cm de long,NOUN,"La pieuvre blanche peut mesurer environ 50 cm de long et peut avoir une coloration jaunâtre, orange rougeâtre ou rouge brunâtre avec taches de couleur rouille.",https://fr.wikipedia.org/wiki/Pieuvre%20blanche
eledone cirrhosa,SPECIES,influencer,la reproduction d’ Eledone cirrhosa,NOUN,"Diverses variables environnementales, notamment la température, influencent la reproduction d’Eledone cirrhosa.",https://fr.wikipedia.org/wiki/Pieuvre%20blanche
octopus vulgaris,SPECIES,rendre,l' évaluation des niveaux de capture l’ Eledone cirrhosa comme indice de biomasse de stock,NOUN,"E. cirrhosa est généralement regroupée avec Octopus vulgaris et Eledone moschata dans les débarquements commerciaux en Méditerranée, ce qui rend quasiment impossible l'évaluation des niveaux de captur",https://fr.wikipedia.org/wiki/Pieuvre%20blanche
eledone cirrhosa,SPECIES,modifier,sa couleur,NOUN,Eledone cirrhosa a la capacité de modifier instantanément sa couleur et prendre celle du milieu dans lequel elle se trouve afin d’échapper à la prédation ou de facilement capturer ses proies.,https://fr.wikipedia.org/wiki/Pieuvre%20blanche
eledone cirrhosa,SPECIES,prendre,celle du milieu dans lequel elle se trouve afin d’ échapper à la prédation ou de facilement capturer,PRON,Eledone cirrhosa a la capacité de modifier instantanément sa couleur et prendre celle du milieu dans lequel elle se trouve afin d’échapper à la prédation ou de facilement capturer ses proies.,https://fr.wikipedia.org/wiki/Pieuvre%20blanche
eledone cirrhosa,SPECIES,capturer,ses proies,NOUN,Eledone cirrhosa a la capacité de modifier instantanément sa couleur et prendre celle du milieu dans lequel elle se trouve afin d’échapper à la prédation ou de facilement capturer ses proies.,https://fr.wikipedia.org/wiki/Pieuvre%20blanche
eledone cirrhosa,SPECIES,nourrir,"des crustacés   ( principalement des homards , des tourteaux , crabes ou crevettes )",NOUN,Une étude sur le régime alimentaire d’Eledone cirrhosa sur les côtes Nord et Est de la Tunisie montre que ce spécimen est un carnivore benthique qui se nourrit des crustacés  (principalement des homar,https://fr.wikipedia.org/wiki/Pieuvre%20blanche
céphalopode,SPECIES,nourrir,des crustacés ( les poissons et céphalopodes sont des proies accidentelles ),NOUN,Les formes juvéniles se nourrissent surtout des crustacés (les poissons et céphalopodes sont des proies accidentelles) tandis que les adultes se nourrissent surtout des poissons et autres céphalopodes,https://fr.wikipedia.org/wiki/Pieuvre%20blanche
céphalopode,SPECIES,nourrir,des poissons et autres céphalopodes,NOUN,Les formes juvéniles se nourrissent surtout des crustacés (les poissons et céphalopodes sont des proies accidentelles) tandis que les adultes se nourrissent surtout des poissons et autres céphalopodes,https://fr.wikipedia.org/wiki/Pieuvre%20blanche
eledone cirrhosa,SPECIES,représenter,une importante source de commerce dans le bassin méditerranéen,NOUN,== Pêche == Eledone cirrhosa représente une importante source de commerce dans le bassin méditerranéen .,https://fr.wikipedia.org/wiki/Pieuvre%20blanche
eledone cirrhosa,SPECIES,représenter,17 % du volume total des ventes d' Octopodidae,NOUN,"En Italie, la commercialisation d’Eledone cirrhosa représente 17% du volume total des ventes d'Octopodidae.",https://fr.wikipedia.org/wiki/Pieuvre%20blanche
céphalopode,SPECIES,représenter,la principale source d’ infection chez les humains qui survient lorsque les larves de parasites sont,NOUN,"Ce céphalopode représente la principale source d’infection chez les humains qui survient lorsque les larves de parasites sont ingérées lors de consommation des produits de mers crus, marinés ou insuff",https://fr.wikipedia.org/wiki/Pieuvre%20blanche
poulpe,SPECIES,assembler,des coquilles de noix de coco vides afin de les utiliser comme abri contre les prédateurs,NOUN,Ce poulpe est réputé pour stocker et assembler des coquilles de noix de coco vides afin de les utiliser comme abri contre les prédateurs.,https://fr.wikipedia.org/wiki/Amphioctopus%20marginatus
poulpe,SPECIES,replier,six tentacules autour de son corps,NOUN,"Le poulpe replie six tentacules autour de son corps et se déplace en utilisant ses deux tentacules libres, passant ainsi, aux yeux de ses prédateurs, pour une noix de coco emportée par le courant.",https://fr.wikipedia.org/wiki/Amphioctopus%20marginatus
poulpe,SPECIES,utiliser,"ses deux tentacules libres , passant ainsi , aux yeux de ses prédateurs",NOUN,"Le poulpe replie six tentacules autour de son corps et se déplace en utilisant ses deux tentacules libres, passant ainsi, aux yeux de ses prédateurs, pour une noix de coco emportée par le courant.",https://fr.wikipedia.org/wiki/Amphioctopus%20marginatus
céphalopode,SPECIES,cracher,de l' encre,NOUN,"Elles peuvent aussi cracher de l'encre, comme la plupart des céphalopodes).",https://fr.wikipedia.org/wiki/Tremoctopus
tremoctopus,SPECIES,présente,le dimorphisme sexuel le plus extrême du règne animal :,NOUN,"Tremoctopus violaceus présente le dimorphisme sexuel le plus extrême du règne animal : les femelles peuvent atteindre deux mètres de long, alors que les mâles ne font que 2,4 cm.",https://fr.wikipedia.org/wiki/Tremoctopus
tremoctopus,SPECIES,atteindre,deux mètres de long,NOUN,"Tremoctopus violaceus présente le dimorphisme sexuel le plus extrême du règne animal : les femelles peuvent atteindre deux mètres de long, alors que les mâles ne font que 2,4 cm.",https://fr.wikipedia.org/wiki/Tremoctopus
tremoctopus,SPECIES,arracher,les filaments de ce siphonophore,NOUN,"Tremoctopus violaceus est immunisée contre le venin de la physalie, et la femelle est connue pour arracher les filaments de ce siphonophore et s'en servir comme moyen de défense.",https://fr.wikipedia.org/wiki/Tremoctopus
tremoctopus,SPECIES,servir,comme moyen de défense,NOUN,"Tremoctopus violaceus est immunisée contre le venin de la physalie, et la femelle est connue pour arracher les filaments de ce siphonophore et s'en servir comme moyen de défense.",https://fr.wikipedia.org/wiki/Tremoctopus
pieuvre,SPECIES,mesurer,"= = Description et caractéristiques = = Les pieuvres à anneaux bleus , vivant dans le bassin Indopac",NOUN,"== Description et caractéristiques == Les pieuvres à anneaux bleus, vivant dans le bassin Indopacifique tropical, mesurent une dizaine de centimètres.",https://fr.wikipedia.org/wiki/Hapalochlaena
pieuvre,SPECIES,mesurer,une dizaine de centimètres,NOUN,"== Description et caractéristiques == Les pieuvres à anneaux bleus, vivant dans le bassin Indopacifique tropical, mesurent une dizaine de centimètres.",https://fr.wikipedia.org/wiki/Hapalochlaena
pieuvre,SPECIES,comprendre,les espèces suivantes de pieuvres à anneaux bleus,NOUN,Ce genre comprend les espèces suivantes de pieuvres à anneaux bleus :,https://fr.wikipedia.org/wiki/Hapalochlaena
poulpe,SPECIES,peser,"une cinquantaine de grammes , pour une taille comprise entre 10 et 15 cm",NOUN,", le poulpe à anneaux bleus ne pèse qu’une cinquantaine de grammes, pour une taille comprise entre 10 et 15 cm.",https://fr.wikipedia.org/wiki/Pieuvre%20aux%20anneaux%20bleus
céphalopode,SPECIES,modifier,sa couleur,NOUN,"La couleur générale de la robe est généralement beige ou jaune pâle, mais variable : comme de nombreux céphalopodes ce poulpe peut modifier sa couleur à volonté pour se dissimuler.",https://fr.wikipedia.org/wiki/Pieuvre%20aux%20anneaux%20bleus
pieuvre à anneaux bleus,SPECIES,trouver,la pieuvre à anneaux bleus   principalement,NOUN,"On trouve  la pieuvre à anneaux bleus  principalement sur les côtes du sud-est de l'Australie, notamment au sud de la Grande Barrière de corail, mais elle est aussi observée en Nouvelle-Calédonie et o",https://fr.wikipedia.org/wiki/Pieuvre%20aux%20anneaux%20bleus
céphalopode,SPECIES,tuer,un humain,NOUN,", il est l'un des seuls céphalopodes capables de tuer un humain.",https://fr.wikipedia.org/wiki/Pieuvre%20aux%20anneaux%20bleus
pieuvre,SPECIES,posséder,des récepteurs,NOUN,"Cependant, cette étude semble être incomplète, et avoir des biais, notamment sur le fait qu'il n'a pas été démontré que ces pieuvres possèdent des récepteurs à la tétrodotoxine, et que les femelles po",https://fr.wikipedia.org/wiki/Pieuvre%20aux%20anneaux%20bleus
hapalochlaena,SPECIES,comporte,"quatre espèces très similaires , souvent regroupées improprement sous le terme « pieuvre aux anneaux",NOUN,"comporte quatre espèces très similaires, souvent regroupées improprement sous le terme « pieuvre aux anneaux bleus » : Hapalochlaena maculosa (la plus répandue) Hapalochlaena fasciata (Nouvelle-Galles",https://fr.wikipedia.org/wiki/Pieuvre%20aux%20anneaux%20bleus
pieuvre,SPECIES,paralyser,ceux qui se dressent sur leur chemin,PRON,", une pieuvre aux anneaux bleus est utilisée par les écoterroristes pour paralyser et tuer ceux qui se dressent sur leur chemin.",https://fr.wikipedia.org/wiki/Pieuvre%20aux%20anneaux%20bleus
poulpe,SPECIES,signifier,poly : plusieurs ) pieds ( ποúς,PROPN,"== Étymologie et appellations == Le mot « poulpe » vient du grec πολύπους (polypous), qui signifie « plusieurs (πολύ - poly : plusieurs) pieds (ποúς",https://fr.wikipedia.org/wiki/Pieuvre
pieuvre,SPECIES,rencontre,la forme occitane générale,NOUN,"Le mot « pieuvre » est d'origine plus récente que « poulpe » : il semble cependant en dériver, si l'on en juge par la forme intermédiaire « poufre » ou « pouvre » que l'on rencontre dans le vocabulair",https://fr.wikipedia.org/wiki/Pieuvre
pieuvre,SPECIES,introduire,ce mot,NOUN,« Pieuvre » est emprunté aux pêcheurs guernesiais par Victor Hugo lors de son séjour à  Guernesey : en 1866 il introduit ce mot en français dans son roman Les Travailleurs de la mer.,https://fr.wikipedia.org/wiki/Pieuvre
pieuvre,SPECIES,introduire,Les Travailleurs de la mer,NOUN,« Pieuvre » est emprunté aux pêcheurs guernesiais par Victor Hugo lors de son séjour à  Guernesey : en 1866 il introduit ce mot en français dans son roman Les Travailleurs de la mer.,https://fr.wikipedia.org/wiki/Pieuvre
octopode,SPECIES,concerner,tous les octopodes des côtes atlantiques et méditerranéennes françaises,NOUN,Ces deux appellations ne sont pas également usitées selon les régions et ne concernent pas tous les octopodes des côtes atlantiques et méditerranéennes françaises.,https://fr.wikipedia.org/wiki/Pieuvre
poulpe commun,SPECIES,concerner,le poulpe commun,NOUN,"En général, « poulpe » a évolué en appellation surtout commerciale et gastronomique, concernant notamment le poulpe commun.",https://fr.wikipedia.org/wiki/Pieuvre
octopode,SPECIES,rassembler,plus de 200 espèces,NOUN,"On désigne surtout par « poulpe » les espèces de la famille des octopodidés, soit la plus grande famille d'octopodes, qui rassemble plus de 200 espèces, qui ont notamment en commun un mode de vie bent",https://fr.wikipedia.org/wiki/Pieuvre
poulpe,SPECIES,désigner,des espèces du sous-ordre Incirrina,NOUN,"Mais le terme « poulpe » peut aussi désigner des espèces du sous-ordre Incirrina, puisqu'elles partagent avec la famille des Octopodidae certains caractères, hormis ce mode de vie benthique.",https://fr.wikipedia.org/wiki/Pieuvre
poulpe,SPECIES,partager,ce mode de vie benthique,NOUN,"Mais le terme « poulpe » peut aussi désigner des espèces du sous-ordre Incirrina, puisqu'elles partagent avec la famille des Octopodidae certains caractères, hormis ce mode de vie benthique.",https://fr.wikipedia.org/wiki/Pieuvre
octopus cyanea,SPECIES,voir,les articles détaillés pour plus d' informations sur leur description ou leur mode de vie,NOUN,"Octopus cyanea == Physiologie, comportement et écologie == Les caractéristiques générales des pieuvres sont celles des Octopodes, avec des nuances pour chaque espèce (voir les articles détaillés pour ",https://fr.wikipedia.org/wiki/Pieuvre
pieuvre,SPECIES,saisir,un objet,NOUN,Ces bras longs et musculeux sont pourvus de ventouses qui permettent à la pieuvre de se cramponner sur un point fixe ou de saisir un objet.,https://fr.wikipedia.org/wiki/Pieuvre
pieuvre,SPECIES,décortiquer,les crabes ou coquillages dont la pieuvre se nourrit avant de rejeter les débris autour d' elle,NOUN,Ce bec permet de décortiquer les crabes ou coquillages dont la pieuvre se nourrit avant de rejeter les débris autour d'elle.,https://fr.wikipedia.org/wiki/Pieuvre
pieuvre,SPECIES,rejeter,les débris,NOUN,Ce bec permet de décortiquer les crabes ou coquillages dont la pieuvre se nourrit avant de rejeter les débris autour d'elle.,https://fr.wikipedia.org/wiki/Pieuvre
pieuvre,SPECIES,réduire,le diamètre de leurs membres,NOUN,"Les pieuvres, pour mieux s’adapter aux tâches à accomplir, ont des tentacules agiles qui leur permettent de réduire le diamètre de leurs membres.",https://fr.wikipedia.org/wiki/Pieuvre
poulpe,SPECIES,contenir,un sang,NOUN,"Le poulpe dispose d'un système circulatoire qui contient un sang dont la coloration bleuâtre est due au pigment respiratoire : l'hémocyanine, découverte en 1878 par le savant belge Léon Fredericq lors",https://fr.wikipedia.org/wiki/Pieuvre
poulpe,SPECIES,transporter,le sang,NOUN,"En effet, le cuivre contenu dans l’hémocyanine, la métalloprotéine qui transporte le sang, donne au sang des poulpes sa coloration bleuté.",https://fr.wikipedia.org/wiki/Pieuvre
poulpe,SPECIES,donne,sa coloration bleuté,NOUN,"En effet, le cuivre contenu dans l’hémocyanine, la métalloprotéine qui transporte le sang, donne au sang des poulpes sa coloration bleuté.",https://fr.wikipedia.org/wiki/Pieuvre
pieuvre,SPECIES,posséder,trois cœurs,NOUN,La pieuvre possède donc trois cœurs.,https://fr.wikipedia.org/wiki/Pieuvre
pieuvre,SPECIES,vivre,cinq ans,NOUN,"Certaines espèces ont une espérance de vie de six mois, alors que la Pieuvre géante du Pacifique peut vivre cinq ans si elle ne se reproduit pas.",https://fr.wikipedia.org/wiki/Pieuvre
poulpe,SPECIES,estimer,l' âge des poulpes,NOUN,"En 2024, une équipe de chercheurs australiens a mis au point des méthodes pour estimer l'âge des poulpes.",https://fr.wikipedia.org/wiki/Pieuvre
céphalopode,SPECIES,utiliser,un bras spécialisé appelé hectocotyle pour transférer les spermatophores ( paquets de spermatozoïdes,NOUN,"==== Lorsque les poulpes copulent, le mâle utilise un bras spécialisé appelé hectocotyle pour transférer les spermatophores (paquets de spermatozoïdes) de l'organe terminal de l'appareil reproducteur ",https://fr.wikipedia.org/wiki/Pieuvre
céphalopode,SPECIES,transférer,les spermatophores ( paquets de spermatozoïdes ) de l' organe terminal de l' appareil reproducteur (,NOUN,"==== Lorsque les poulpes copulent, le mâle utilise un bras spécialisé appelé hectocotyle pour transférer les spermatophores (paquets de spermatozoïdes) de l'organe terminal de l'appareil reproducteur ",https://fr.wikipedia.org/wiki/Pieuvre
poulpe,SPECIES,présente,une dépression en forme de cuillère et des ventouses modifiées près de la pointe ainsi qu' un manque,NOUN,"L'hectocotyle des poulpes benthiques est généralement le troisième bras droit, qui présente une dépression en forme de cuillère et des ventouses modifiées près de la pointe ainsi qu'un manque de vento",https://fr.wikipedia.org/wiki/Pieuvre
poulpe,SPECIES,refaire,"les expériences de survie sur sa seule mémoire génétique ,",NOUN,"Le jeune poulpe doit donc refaire les expériences de survie sur sa seule mémoire génétique, sans pouvoir bénéficier de la mémoire de ses géniteurs.",https://fr.wikipedia.org/wiki/Pieuvre
pieuvre,SPECIES,fuir,un danger,NOUN,"l'eau de mer par ses deux siphons, la pieuvre peut se propulser rapidement (nage à réaction) notamment pour fuir un danger.",https://fr.wikipedia.org/wiki/Pieuvre
pieuvre,SPECIES,masquer,sa fuite,NOUN,La pieuvre peut masquer sa fuite en rejetant une encre opaque.,https://fr.wikipedia.org/wiki/Pieuvre
pieuvre,SPECIES,rejeter,une encre opaque,NOUN,La pieuvre peut masquer sa fuite en rejetant une encre opaque.,https://fr.wikipedia.org/wiki/Pieuvre
pieuvre,SPECIES,retirer,le couvercle d' un bocal,NOUN,Des pieuvres ont par exemple compris par observations successives comment retirer le couvercle d'un bocal pour accéder à la nourriture contenue dans ce dernier.,https://fr.wikipedia.org/wiki/Pieuvre
pieuvre,SPECIES,combine,un cerveau central,NOUN,"==== Système nerveux ==== Le système nerveux des pieuvres, parmi les plus complexes des invertébrés, combine un cerveau central et un réseau décentralisé dans ses huit bras.",https://fr.wikipedia.org/wiki/Pieuvre
poulpe,SPECIES,causer,une forte régression de ses populations,NOUN,"proie, le poulpe notamment consommé dans les civilisations et traditions méditerranéennes, au point d'avoir causé une forte régression de ses populations (par exemple l'industrie espagnole du poulpe, ",https://fr.wikipedia.org/wiki/Pieuvre
poulpe,SPECIES,causer,l' industrie espagnole du poulpe,NOUN,"proie, le poulpe notamment consommé dans les civilisations et traditions méditerranéennes, au point d'avoir causé une forte régression de ses populations (par exemple l'industrie espagnole du poulpe, ",https://fr.wikipedia.org/wiki/Pieuvre
poulpe,SPECIES,subir,un déclin marqué pour avoir surexploité cette ressource ( surpêche ) dans le contexte d' une demande,NOUN,"proie, le poulpe notamment consommé dans les civilisations et traditions méditerranéennes, au point d'avoir causé une forte régression de ses populations (par exemple l'industrie espagnole du poulpe, ",https://fr.wikipedia.org/wiki/Pieuvre
poulpe,SPECIES,surexploiter,cette ressource ( surpêche ),NOUN,"proie, le poulpe notamment consommé dans les civilisations et traditions méditerranéennes, au point d'avoir causé une forte régression de ses populations (par exemple l'industrie espagnole du poulpe, ",https://fr.wikipedia.org/wiki/Pieuvre
poulpe,SPECIES,forcer,les usines locales à importer le poulpe de Mauritanie et du Maroc ( notamment en raison d' une inter,NOUN,Ceci a forcé les usines locales à importer le poulpe de Mauritanie et du Maroc (notamment en raison d'une interdiction exceptionnelle de la pêche durant trois mois.,https://fr.wikipedia.org/wiki/Pieuvre
poulpe,SPECIES,importer,le poulpe de Mauritanie et du Maroc (,NOUN,Ceci a forcé les usines locales à importer le poulpe de Mauritanie et du Maroc (notamment en raison d'une interdiction exceptionnelle de la pêche durant trois mois.,https://fr.wikipedia.org/wiki/Pieuvre
poulpe,SPECIES,réalimenter,le marché,NOUN,"Des élevages intensifs de millions de poulpes ont été envisagés par plusieurs entreprises espagnoles (dont Grupo Profand et Nueva Pescanova), pour réalimenter le marché et aussi, ce que suggère certai",https://fr.wikipedia.org/wiki/Pieuvre
poulpe,SPECIES,participer,"que suggère certains chercheurs ,",PRON,"Des élevages intensifs de millions de poulpes ont été envisagés par plusieurs entreprises espagnoles (dont Grupo Profand et Nueva Pescanova), pour réalimenter le marché et aussi, ce que suggère certai",https://fr.wikipedia.org/wiki/Pieuvre
pieuvre,SPECIES,interdire,l' élevage de poulpes sur le territoire français,NOUN,"Une proposition de loi (no 1293, 17 avril 2025) a été déposée en France en 2025, visant à interdire l'élevage de poulpes sur le territoire français, et plusieurs États américains ont déjà interdit l’é",https://fr.wikipedia.org/wiki/Pieuvre
pieuvre,SPECIES,interdire,l’ élevage du poulpe,NOUN,"Une proposition de loi (no 1293, 17 avril 2025) a été déposée en France en 2025, visant à interdire l'élevage de poulpes sur le territoire français, et plusieurs États américains ont déjà interdit l’é",https://fr.wikipedia.org/wiki/Pieuvre
pieuvre,SPECIES,mettre,l' intelligence et la complexité émotionnelle des poulpes,NOUN,"Une proposition de loi (no 1293, 17 avril 2025) a été déposée en France en 2025, visant à interdire l'élevage de poulpes sur le territoire français, et plusieurs États américains ont déjà interdit l’é",https://fr.wikipedia.org/wiki/Pieuvre
poulpe,SPECIES,demeure,"l' essentiel de la relation homme-poulpe , ce dernier est appelé chatrou dans la cuisine antillaise",NOUN,"=== En gastronomie, qui demeure l'essentiel de la relation homme-poulpe, ce dernier est appelé chatrou dans la cuisine antillaise ;",https://fr.wikipedia.org/wiki/Pieuvre
pieuvre,SPECIES,utiliser,le nom de « pieuvre »,NOUN,"En Amérique du Nord, on utilise le nom de « pieuvre » et il arrive parfois que ce nom soit aussi donné aux calmars.",https://fr.wikipedia.org/wiki/Pieuvre
octopus vulgaris,SPECIES,développer,"une méthode d' élaboration de matériau adhésif inspiré des ventouses de la pieuvre commune , Octopus",NOUN,"Ainsi, en 2017, une équipe de chercheurs sud-coréens a développé une méthode d'élaboration de matériau adhésif inspiré des ventouses de la pieuvre commune, Octopus vulgaris.",https://fr.wikipedia.org/wiki/Pieuvre
octopus vulgaris,SPECIES,inspirer,"des ventouses de la pieuvre commune , Octopus vulgaris",NOUN,"Ainsi, en 2017, une équipe de chercheurs sud-coréens a développé une méthode d'élaboration de matériau adhésif inspiré des ventouses de la pieuvre commune, Octopus vulgaris.",https://fr.wikipedia.org/wiki/Pieuvre
poulpe,SPECIES,inspirer,une équipe de chercheurs américains qui ont développé un nouveau matériau à base de fibre de verre e,NOUN,"De même, les mécanismes de camouflage des poulpes ont inspiré une équipe de chercheurs américains qui ont développé un nouveau matériau à base de fibre de verre et de silicone reproduisant la biophysi",https://fr.wikipedia.org/wiki/Pieuvre
poulpe,SPECIES,développer,un nouveau matériau à base de fibre de verre et de silicone reproduisant la biophysique des papilles,NOUN,"De même, les mécanismes de camouflage des poulpes ont inspiré une équipe de chercheurs américains qui ont développé un nouveau matériau à base de fibre de verre et de silicone reproduisant la biophysi",https://fr.wikipedia.org/wiki/Pieuvre
poulpe,SPECIES,reproduire,la biophysique des papilles de la peau des poulpes,NOUN,"De même, les mécanismes de camouflage des poulpes ont inspiré une équipe de chercheurs américains qui ont développé un nouveau matériau à base de fibre de verre et de silicone reproduisant la biophysi",https://fr.wikipedia.org/wiki/Pieuvre
pieuvre,SPECIES,diffus,"la légende du kraken , pieuvre gigantesque réputée capable de tirer des navires par le fond , mythe ",NOUN,"Au XVIIIe siècle se diffuse la légende du kraken, pieuvre gigantesque réputée capable de tirer des navires par le fond, mythe peut-être né à partir d'observations de débris d'Architeuthis (calmar géan",https://fr.wikipedia.org/wiki/Pieuvre
pieuvre,SPECIES,tirer,des navires,NOUN,"Au XVIIIe siècle se diffuse la légende du kraken, pieuvre gigantesque réputée capable de tirer des navires par le fond, mythe peut-être né à partir d'observations de débris d'Architeuthis (calmar géan",https://fr.wikipedia.org/wiki/Pieuvre
pieuvre,SPECIES,devenir,des épouvantails grâce respectivement,NOUN,Puis la pieuvre et le calmar géant deviennent des épouvantails grâce respectivement à Victor Hugo dans Les Travailleurs de la mer en 1866 et à Jules Verne dans Vingt Mille Lieues sous les mers en 1870,https://fr.wikipedia.org/wiki/Pieuvre
pieuvre,SPECIES,devenir,le symbole métaphorique,NOUN,Puis la pieuvre et le calmar géant deviennent des épouvantails grâce respectivement à Victor Hugo dans Les Travailleurs de la mer en 1866 et à Jules Verne dans Vingt Mille Lieues sous les mers en 1870,https://fr.wikipedia.org/wiki/Pieuvre
pieuvre,SPECIES,devenir,des réseaux mafieux ou de toute organisation tentaculaire accaparant secrètement des ressources ou l,NOUN,Puis la pieuvre et le calmar géant deviennent des épouvantails grâce respectivement à Victor Hugo dans Les Travailleurs de la mer en 1866 et à Jules Verne dans Vingt Mille Lieues sous les mers en 1870,https://fr.wikipedia.org/wiki/Pieuvre
pieuvre,SPECIES,accaparer,secrètement des ressources,NOUN,Puis la pieuvre et le calmar géant deviennent des épouvantails grâce respectivement à Victor Hugo dans Les Travailleurs de la mer en 1866 et à Jules Verne dans Vingt Mille Lieues sous les mers en 1870,https://fr.wikipedia.org/wiki/Pieuvre
céphalopode,SPECIES,voir,tout céphalopode,NOUN,"Par ailleurs, l'être humain, exploiteur insatiable des ressources marines, voit tout céphalopode mangeur de poissons, de crustacés ou de coquillages comme un dangereux concurrent.",https://fr.wikipedia.org/wiki/Pieuvre
céphalopode,SPECIES,voir,de crustacés ou de coquillages comme un dangereux concurrent,NOUN,"Par ailleurs, l'être humain, exploiteur insatiable des ressources marines, voit tout céphalopode mangeur de poissons, de crustacés ou de coquillages comme un dangereux concurrent.",https://fr.wikipedia.org/wiki/Pieuvre
céphalopode,SPECIES,relater,sa tentative de capture d' un céphalopode géant,NOUN,"Bien qu'inspiré par le récit du capitaine Frédéric Bouyer de l'aviso Alecton relatant sa tentative de capture d'un céphalopode géant en 1861, le monstre marin, mi-pieuvre, mi-calmar attaquant le sous-",https://fr.wikipedia.org/wiki/Pieuvre
céphalopode,SPECIES,attaquer,le sous-marin Nautilus du capitaine Nemo,NOUN,"Bien qu'inspiré par le récit du capitaine Frédéric Bouyer de l'aviso Alecton relatant sa tentative de capture d'un céphalopode géant en 1861, le monstre marin, mi-pieuvre, mi-calmar attaquant le sous-",https://fr.wikipedia.org/wiki/Pieuvre
poulpe,SPECIES,montrer,plutôt craintifs,ADJ,"=== Familiarisation et dressage === En aquarium, tout comme certaines murènes, il arrive que certains poulpes habitués à l'homme deviennent familiers, alors qu'en milieu naturel ils se montrent plutôt",https://fr.wikipedia.org/wiki/Pieuvre
céphalopode,SPECIES,reconnaître,"les céphalopodes ( dont octopodes , calmars et seiches )",NOUN,"En 2021, le Royaume-Uni, à la suite d'un rapport commandé par le gouvernement à la London School of Economics a officiellement reconnu les céphalopodes (dont octopodes, calmars et seiches) et les crus",https://fr.wikipedia.org/wiki/Pieuvre
céphalopode,SPECIES,éprouver,des sensations,NOUN,"En 2021, le Royaume-Uni, à la suite d'un rapport commandé par le gouvernement à la London School of Economics a officiellement reconnu les céphalopodes (dont octopodes, calmars et seiches) et les crus",https://fr.wikipedia.org/wiki/Pieuvre
pieuvre,SPECIES,remarquer,"les pratiques sexuelles des pieuvres , qui ont inspiré Hokusai",NOUN,"Au Japon, les plongeuses ama ont remarqué les pratiques sexuelles des pieuvres, qui ont inspiré Hokusai.",https://fr.wikipedia.org/wiki/Pieuvre
pieuvre,SPECIES,croiser,"les personnalités de personnages variés : jeune femme , pieuvre , phoque",NOUN,"Erin Hortle croise avec empathie les personnalités de personnages variés : jeune femme, pieuvre, phoque.",https://fr.wikipedia.org/wiki/Pieuvre
pieuvre,SPECIES,raconter,la relation entretenue une année durant entre Craig Foster et un poulpe sauvage qu' il apprivoise,NOUN,"Le film La Sagesse de la pieuvre (2020), documentaire sud-africain réalisé par Pippa Ehrlich et James Reed, raconte la relation entretenue une année durant entre Craig Foster et un poulpe sauvage qu'i",https://fr.wikipedia.org/wiki/Pieuvre
céphalopode,SPECIES,occuper,le rôle,NOUN,"Dans l'épisode 4 de la série documentaire Animal (en) (saison 1, 2021), consacré aux céphalopodes (Octopus), produit et dirigé par Anuschka Schofield pour Plimsoll Productions, le poulpe occupe le rôl",https://fr.wikipedia.org/wiki/Pieuvre
céphalopode,SPECIES,occuper,le plus important,ADJ,"Dans l'épisode 4 de la série documentaire Animal (en) (saison 1, 2021), consacré aux céphalopodes (Octopus), produit et dirigé par Anuschka Schofield pour Plimsoll Productions, le poulpe occupe le rôl",https://fr.wikipedia.org/wiki/Pieuvre
pieuvre,SPECIES,cracher,des cailloux,NOUN,Les Octorok sont des pieuvres capable de cracher des cailloux dans The Legend of Zelda.,https://fr.wikipedia.org/wiki/Pieuvre
poulpe,SPECIES,imaginer,les Octalings,NOUN,"Les créateurs de Splatoon ont imaginé les Octalings, des poulpes historiquement ennemis des personnages jouables principaux, les Inklings, mais devenant leurs camarades de jeux à la suite d'un DLC dan",https://fr.wikipedia.org/wiki/Pieuvre
poulpe,SPECIES,devenir,leurs camarades de jeux,NOUN,"Les créateurs de Splatoon ont imaginé les Octalings, des poulpes historiquement ennemis des personnages jouables principaux, les Inklings, mais devenant leurs camarades de jeux à la suite d'un DLC dan",https://fr.wikipedia.org/wiki/Pieuvre
pieuvre,SPECIES,tirer,de l' encre,NOUN,contrôle une pieuvre qui peut tirer de l'encre sur ses ennemis.,https://fr.wikipedia.org/wiki/Pieuvre
pieuvre,SPECIES,inclure,"les pieuvres , calmars et seiches ( groupe des coléoïdes )",NOUN,"Cette classe inclut notamment les pieuvres, calmars et seiches (groupe des coléoïdes), et les nautiles (groupe des nautiloïdes).",https://fr.wikipedia.org/wiki/C%C3%A9phalopode
céphalopode,SPECIES,faciliter,la fossilisation,NOUN,"Environ 11 000 taxons fossiles ont été décrits, bien que le corps mou des céphalopodes ne facilite pas la fossilisation.",https://fr.wikipedia.org/wiki/C%C3%A9phalopode
céphalopode,SPECIES,nourrir,"d' autres mollusques , de poissons et de crustacés",NOUN,"Les céphalopodes actuels sont des prédateurs marins : ils se nourrissent d'autres mollusques, de poissons et de crustacés.",https://fr.wikipedia.org/wiki/C%C3%A9phalopode
céphalopode,SPECIES,étudier,les céphalopodes du point de vue phylogénétique,NOUN,La teuthologie est la branche des sciences naturelles qui étudie les céphalopodes du point de vue phylogénétique.,https://fr.wikipedia.org/wiki/C%C3%A9phalopode
céphalopode,SPECIES,conserver,la symétrie bilatérale,NOUN,"Les céphalopodes ont conservé la symétrie bilatérale car au cours de leur développement, ils subissent cette flexion, mais pas de torsion, ni d'enroulement de la masse viscérale.",https://fr.wikipedia.org/wiki/C%C3%A9phalopode
céphalopode,SPECIES,subir,cette flexion,NOUN,"Les céphalopodes ont conservé la symétrie bilatérale car au cours de leur développement, ils subissent cette flexion, mais pas de torsion, ni d'enroulement de la masse viscérale.",https://fr.wikipedia.org/wiki/C%C3%A9phalopode
céphalopode,SPECIES,assurer,une propulsion à reculons,NOUN,Les céphalopodes sont ainsi complètement enveloppés par leur manteau ouvert à l'avant par cet entonnoir qui assure une propulsion à reculons.,https://fr.wikipedia.org/wiki/C%C3%A9phalopode
poulpe,SPECIES,suivre,les groupes,NOUN,"suivant les groupes, d'une coquille à chambre et siphon, d'une coquille interne parfois réduite à une plume chitineuse ou encore d'aucune ossature (comme pour les poulpes).",https://fr.wikipedia.org/wiki/C%C3%A9phalopode
céphalopode,SPECIES,posséder,une vision binoculaire,NOUN,"Les céphalopodes possèdent une vision binoculaire avec des yeux de chaque côté de la tête, la plupart du temps assez grands.",https://fr.wikipedia.org/wiki/C%C3%A9phalopode
céphalopode,SPECIES,percevoir,les sons,NOUN,Les céphalopodes perçoivent les sons grâce à leurs statocystes.,https://fr.wikipedia.org/wiki/C%C3%A9phalopode
pieuvre,SPECIES,révéler,une céphalisation poussée et les capacités de résolution de problèmes observées chez les pieuvres,NOUN,"Il révèle une céphalisation poussée et les capacités de résolution de problèmes observées chez les pieuvres, par exemple, sont étonnantes.",https://fr.wikipedia.org/wiki/C%C3%A9phalopode
céphalopode,SPECIES,dire,des céphalopodes à dix bras,NOUN,"Les Decabrachia, c'est-à-dire des céphalopodes à dix bras, ont généralement huit bras fonctionnant par paire et deux longs tentacules, aussi appelés « fouets » et aux extrémités plus larges appelées «",https://fr.wikipedia.org/wiki/C%C3%A9phalopode
octopode,SPECIES,prendre,de nombreuses formes et textures,NOUN,"Le manteau prend de nombreuses formes et textures : en forme de fuseau (calmar), en forme de bourse (octopodes) ou de spirale (nautile).",https://fr.wikipedia.org/wiki/C%C3%A9phalopode
chromatophore,SPECIES,exprimer,des « sentiments »,NOUN,"Elle est entièrement couverte d'organes colorés (chromatophores) qui, sous l'action du cerveau, permettent aux céphalopodes de changer brusquement de couleur, voire de texture de peau pour exprimer de",https://fr.wikipedia.org/wiki/C%C3%A9phalopode
octopode,SPECIES,posséder,une ( triangulaire,ADJ,"Chez les coléoïdes, les octopodes n'ont pas de nageoires et rampent, contrairement aux décapodes qui en possèdent une (triangulaire en position antérieur pour le calmar et tout autour du corps pour le",https://fr.wikipedia.org/wiki/C%C3%A9phalopode
octopode,SPECIES,posséder,une coquille interne,NOUN,"Par contre, chez les coléoïdes, les décapodes possèdent une coquille interne en position dorsale, mais les octopodes eux sont sans coquille.",https://fr.wikipedia.org/wiki/C%C3%A9phalopode
chromatophore,SPECIES,avertir,les prédateurs,NOUN,"Les céphalopodes peuvent changer de couleur et de motif en quelques millisecondes, que ce soit pour le signalement (tant au sein de l'espèce que pour avertir les prédateurs) ou le camouflage actif, à ",https://fr.wikipedia.org/wiki/C%C3%A9phalopode
chromatophore,SPECIES,exister,des preuves,NOUN,"Bien que les changements de couleur semblent dépendre principalement de la vision, il existe des preuves que les cellules de la peau, en particulier les chromatophores, peuvent détecter la lumière et ",https://fr.wikipedia.org/wiki/C%C3%A9phalopode
chromatophore,SPECIES,détecter,la lumière,NOUN,"Bien que les changements de couleur semblent dépendre principalement de la vision, il existe des preuves que les cellules de la peau, en particulier les chromatophores, peuvent détecter la lumière et ",https://fr.wikipedia.org/wiki/C%C3%A9phalopode
céphalopode,SPECIES,porter,"des motifs colorés plus complexes , de fonction inconnue",NOUN,"Les céphalopodes du Dévonien portent des motifs colorés plus complexes, de fonction inconnue.",https://fr.wikipedia.org/wiki/C%C3%A9phalopode
octopode,SPECIES,déterminer,"l' espèce d' un spécimen : celle des calmars ou de certains octopodes , appelée plume ou gladius ( g",NOUN,"Sa forme est différente pour chaque espèce de coléoïdes, et c'est souvent cette forme qui permet de déterminer l'espèce d'un spécimen : celle des calmars ou de certains octopodes, appelée plume ou gla",https://fr.wikipedia.org/wiki/C%C3%A9phalopode
chromatophore,SPECIES,ouvrir,une glande qui secrète du noir,NOUN,"Sous le siphon s'ouvre une glande qui secrète du noir, quelques gouttes suffisent à troubler l'eau autour du céphalopode, et lui permettre de s'échapper, en combinant cette action avec la transformati",https://fr.wikipedia.org/wiki/C%C3%A9phalopode
chromatophore,SPECIES,troubler,"l' eau autour du céphalopode ,",NOUN,"Sous le siphon s'ouvre une glande qui secrète du noir, quelques gouttes suffisent à troubler l'eau autour du céphalopode, et lui permettre de s'échapper, en combinant cette action avec la transformati",https://fr.wikipedia.org/wiki/C%C3%A9phalopode
chromatophore,SPECIES,combiner,cette action,NOUN,"Sous le siphon s'ouvre une glande qui secrète du noir, quelques gouttes suffisent à troubler l'eau autour du céphalopode, et lui permettre de s'échapper, en combinant cette action avec la transformati",https://fr.wikipedia.org/wiki/C%C3%A9phalopode
céphalopode,SPECIES,déplacer,un mode de locomotion très énergivore par rapport à la locomotion d' ondulation utilisée par les poi,NOUN,"=== Locomotion === La plupart des céphalopodes peuvent se déplacer avec une propulsion par réaction, un mode de locomotion très énergivore par rapport à la locomotion d'ondulation utilisée par les poi",https://fr.wikipedia.org/wiki/C%C3%A9phalopode
céphalopode,SPECIES,semer,la plupart des poissons,NOUN,"En effet, les céphalopodes sont les invertébrés marins les plus rapides : ils peuvent ainsi semer la plupart des poissons.",https://fr.wikipedia.org/wiki/C%C3%A9phalopode
céphalopode,SPECIES,propulser,l' eau en avant par le siphon,NOUN,"Le mouvement des céphalopodes va généralement vers l'arrière, en propulsant l'eau en avant par le siphon, mais la direction peut être contrôlée en le pointant dans des directions différentes.",https://fr.wikipedia.org/wiki/C%C3%A9phalopode
céphalopode,SPECIES,accompagner,cette expulsion de l' eau,NOUN,Certains céphalopodes accompagnent cette expulsion de l'eau avec un bruit d'éclatement pour effrayer les prédateurs potentiels.,https://fr.wikipedia.org/wiki/C%C3%A9phalopode
céphalopode,SPECIES,effrayer,les prédateurs potentiels,NOUN,Certains céphalopodes accompagnent cette expulsion de l'eau avec un bruit d'éclatement pour effrayer les prédateurs potentiels.,https://fr.wikipedia.org/wiki/C%C3%A9phalopode
céphalopode,SPECIES,utiliser,une méthode similaire à la propulsion en dépit de leur taille croissante ( à mesure qu' ils grandiss,NOUN,Les céphalopodes utilisent une méthode similaire à la propulsion en dépit de leur taille croissante (à mesure qu'ils grandissent) changeant la dynamique de l'eau dans laquelle ils se trouvent.,https://fr.wikipedia.org/wiki/C%C3%A9phalopode
céphalopode,SPECIES,changer,la dynamique de l' eau dans laquelle ils se trouvent,NOUN,Les céphalopodes utilisent une méthode similaire à la propulsion en dépit de leur taille croissante (à mesure qu'ils grandissent) changeant la dynamique de l'eau dans laquelle ils se trouvent.,https://fr.wikipedia.org/wiki/C%C3%A9phalopode
céphalopode,SPECIES,utiliser,leurs ailerons (,NOUN,"Ainsi leurs paralarves n'utilisent pas beaucoup leurs ailerons (qui sont moins efficaces à faibles nombres de Reynolds) et utilisent principalement leurs jets pour se propulser vers le haut, tandis qu",https://fr.wikipedia.org/wiki/C%C3%A9phalopode
céphalopode,SPECIES,utiliser,leurs jets,NOUN,"Ainsi leurs paralarves n'utilisent pas beaucoup leurs ailerons (qui sont moins efficaces à faibles nombres de Reynolds) et utilisent principalement leurs jets pour se propulser vers le haut, tandis qu",https://fr.wikipedia.org/wiki/C%C3%A9phalopode
céphalopode,SPECIES,produire,des jets en rentrant leur corps dans leur coquille,NOUN,"On pense que les premiers céphalopodes produisaient des jets en rentrant leur corps dans leur coquille, comme les nautiles actuels.",https://fr.wikipedia.org/wiki/C%C3%A9phalopode
céphalopode,SPECIES,rentrer,leur corps,NOUN,"On pense que les premiers céphalopodes produisaient des jets en rentrant leur corps dans leur coquille, comme les nautiles actuels.",https://fr.wikipedia.org/wiki/C%C3%A9phalopode
céphalopode,SPECIES,correspondre,la longueur de leur corps par seconde,NOUN,"Cette vitesse maximale correspond à huit fois la longueur de leur corps par seconde, une vitesse que peuvent atteindre la plupart des céphalopodes après deux coups de siphon.",https://fr.wikipedia.org/wiki/C%C3%A9phalopode
céphalopode,SPECIES,correspondre,une vitesse que peuvent atteindre la plupart des céphalopodes après deux coups de siphon,NOUN,"Cette vitesse maximale correspond à huit fois la longueur de leur corps par seconde, une vitesse que peuvent atteindre la plupart des céphalopodes après deux coups de siphon.",https://fr.wikipedia.org/wiki/C%C3%A9phalopode
céphalopode,SPECIES,atteindre,la plupart des céphalopodes,NOUN,"Cette vitesse maximale correspond à huit fois la longueur de leur corps par seconde, une vitesse que peuvent atteindre la plupart des céphalopodes après deux coups de siphon.",https://fr.wikipedia.org/wiki/C%C3%A9phalopode
pieuvre,SPECIES,accumuler,des huiles,NOUN,"d'autres, comme certains poissons, accumulent des huiles dans leur foie et quelques pieuvres ont un corps gélatineux avec des ions de chlore légers remplaçant le sulfate de leur corps.",https://fr.wikipedia.org/wiki/C%C3%A9phalopode
pieuvre,SPECIES,remplacer,le sulfate de leur corps,NOUN,"d'autres, comme certains poissons, accumulent des huiles dans leur foie et quelques pieuvres ont un corps gélatineux avec des ions de chlore légers remplaçant le sulfate de leur corps.",https://fr.wikipedia.org/wiki/C%C3%A9phalopode
céphalopode,SPECIES,atteindre,ces distances impressionnantes,NOUN,"Certains céphalopodes sont capables de voler dans les airs sur des distances allant jusqu'à 50 m. Alors que les céphalopodes ne sont pas particulièrement aérodynamiques, ils atteignent ces distances i",https://fr.wikipedia.org/wiki/C%C3%A9phalopode
céphalopode,SPECIES,occuper,toutes les niches écologiques océaniques :,NOUN,"Les céphalopodes occupent presque toutes les niches écologiques océaniques : allant de la plaine abyssale à la surface de l'océan, du littoral à la haute mer.",https://fr.wikipedia.org/wiki/C%C3%A9phalopode
céphalopode,SPECIES,faire,des rares espèces marines qui s' adaptent rapidement à l' anthropisation des océans et aux changemen,NOUN,== État des populations dans le monde == Beaucoup de céphalopodes semblent faire partie des rares espèces marines qui s'adaptent rapidement à l'anthropisation des océans et aux changements globaux ass,https://fr.wikipedia.org/wiki/C%C3%A9phalopode
céphalopode,SPECIES,modifier,l' environnement marin,NOUN,"Il semble que partout où les humains ont modifié l'environnement marin les céphalopodes en profitent, au détriment d’autres espèces.",https://fr.wikipedia.org/wiki/C%C3%A9phalopode
céphalopode,SPECIES,modifier,les céphalopodes,NOUN,"Il semble que partout où les humains ont modifié l'environnement marin les céphalopodes en profitent, au détriment d’autres espèces.",https://fr.wikipedia.org/wiki/C%C3%A9phalopode
céphalopode,SPECIES,favoriser,une sélection naturelle et une adaptation génétique rapide,NOUN,"Une explication pourrait être que les céphalopodes sont (comme les rongeurs sur terre, ou les pigeons en ville) très adaptables aux changements de leur environnement, peut-être grâce à leur cycle rapi",https://fr.wikipedia.org/wiki/C%C3%A9phalopode
céphalopode,SPECIES,régresser,"des poissons prédateurs qui se nourrissent de céphalopodes , de leurs larves , ou qui étaient en con",NOUN,"Les scientifiques supputent que la surpêche est en partie responsable, car elle a fait fortement régresser des poissons prédateurs qui se nourrissent de céphalopodes, de leurs larves, ou qui étaient e",https://fr.wikipedia.org/wiki/C%C3%A9phalopode
céphalopode,SPECIES,montrer,des signes de surexploitation,NOUN,"Même si plusieurs pêcheries de céphalopodes montrent des signes de surexploitation, l'explosion globale de leurs populations (pourtant très recherchées par la pêche industrielle dans le cas du calmar)",https://fr.wikipedia.org/wiki/C%C3%A9phalopode
céphalopode,SPECIES,consommer,30 % de leur poids corporel,NOUN,"Même si plusieurs pêcheries de céphalopodes montrent des signes de surexploitation, l'explosion globale de leurs populations (pourtant très recherchées par la pêche industrielle dans le cas du calmar)",https://fr.wikipedia.org/wiki/C%C3%A9phalopode
octopode,SPECIES,comprendre,"les calmars , les seiches , les octopodes et les vampires des abysses",NOUN,"- s'est éteinte au Crétacé supérieur), la sous-classe des Coléoïdes, qui comprend les calmars, les seiches, les octopodes et les vampires des abysses avec plus de 700 espèces. (apparu au Dévonien).",https://fr.wikipedia.org/wiki/C%C3%A9phalopode
pieuvre,SPECIES,présenter,un excellent potentiel de fossilisation ( notamment les ammonites,NOUN,"Le registre fossile paléozoïque est complexe, car si certains groupes présentent un excellent potentiel de fossilisation (notamment les ammonites), d'autres ont un corps essentiellement mou et ne lais",https://fr.wikipedia.org/wiki/C%C3%A9phalopode
pieuvre,SPECIES,biaiser,le registre,NOUN,"Le registre fossile paléozoïque est complexe, car si certains groupes présentent un excellent potentiel de fossilisation (notamment les ammonites), d'autres ont un corps essentiellement mou et ne lais",https://fr.wikipedia.org/wiki/C%C3%A9phalopode
pieuvre,SPECIES,laisse,de larges parts d' ombre,NOUN,"Le registre fossile paléozoïque est complexe, car si certains groupes présentent un excellent potentiel de fossilisation (notamment les ammonites), d'autres ont un corps essentiellement mou et ne lais",https://fr.wikipedia.org/wiki/C%C3%A9phalopode
chromatophore,SPECIES,contenir,des pigments,NOUN,"Les chromatophores sont des cellules présentes dans le tégument de nombreux groupes d'animaux, contenant des pigments ou réfléchissant la lumière.",https://fr.wikipedia.org/wiki/Chromatophore
chromatophore,SPECIES,réfléchir,la lumière,NOUN,"Les chromatophores sont des cellules présentes dans le tégument de nombreux groupes d'animaux, contenant des pigments ou réfléchissant la lumière.",https://fr.wikipedia.org/wiki/Chromatophore
chromatophore,SPECIES,permettre,l' établissement d' une sous-classification fondée sur leur apparence,NOUN,Ce n'est qu'à partir des années 1960 que la structure et la coloration des chromatophores furent suffisamment connues pour permettre l'établissement d'une sous-classification fondée sur leur apparence,https://fr.wikipedia.org/wiki/Chromatophore
chromatophore,SPECIES,contenir,des pigments ou des structures réfléchissantes (,NOUN,"Si tous les chromatophores contiennent des pigments ou des structures réfléchissantes (à moins de subir une mutation génétique engendrant une anomalie comme l'albinisme), toutes les cellules possédant",https://fr.wikipedia.org/wiki/Chromatophore
chromatophore,SPECIES,subir,une mutation génétique engendrant une anomalie comme l' albinisme ),NOUN,"Si tous les chromatophores contiennent des pigments ou des structures réfléchissantes (à moins de subir une mutation génétique engendrant une anomalie comme l'albinisme), toutes les cellules possédant",https://fr.wikipedia.org/wiki/Chromatophore
chromatophore,SPECIES,engendrer,une anomalie comme l' albinisme ),NOUN,"Si tous les chromatophores contiennent des pigments ou des structures réfléchissantes (à moins de subir une mutation génétique engendrant une anomalie comme l'albinisme), toutes les cellules possédant",https://fr.wikipedia.org/wiki/Chromatophore
chromatophore,SPECIES,posséder,des pigments ne sont pas des chromatophores,NOUN,"Si tous les chromatophores contiennent des pigments ou des structures réfléchissantes (à moins de subir une mutation génétique engendrant une anomalie comme l'albinisme), toutes les cellules possédant",https://fr.wikipedia.org/wiki/Chromatophore
chromatophore,SPECIES,contenir,d' importantes quantités de pigments jaunes de ptéridine ( xanthoptéridine ),NOUN,=== Les lipophores (xantophores et érythrophores) === Les chromatophores qui contiennent d'importantes quantités de pigments jaunes de ptéridine (xanthoptéridine),https://fr.wikipedia.org/wiki/Chromatophore
chromatophore,SPECIES,migrer,le pigment,NOUN,"== Translocation du pigment == Beaucoup d'espèces ont la capacité de faire migrer le pigment à l'intérieur des chromatophores, provoquant un changement de couleur.",https://fr.wikipedia.org/wiki/Chromatophore
chromatophore,SPECIES,provoquer,un changement de couleur,NOUN,"== Translocation du pigment == Beaucoup d'espèces ont la capacité de faire migrer le pigment à l'intérieur des chromatophores, provoquant un changement de couleur.",https://fr.wikipedia.org/wiki/Chromatophore
chromatophore,SPECIES,recouvrir,les iridophores,ADJ,"Ces structures (ou DCU pour Dermal Chromatophore Units) sont constituées d'une couche supérieure de xanthophores et/ou d'érythrophores, puis d'une couche d'iridophores, et enfin d'une couche de mélano",https://fr.wikipedia.org/wiki/Chromatophore
chromatophore,SPECIES,recouvrir,les autres chromatophores,NOUN,"Les mélanophores dermiques plats recouvrent souvent les autres chromatophores, ce qui explique que lorsque le pigment se répand dans la cellule, la peau apparaît sombre.",https://fr.wikipedia.org/wiki/Chromatophore
chromatophore,SPECIES,prendre,leur teinte,NOUN,"Lorsque le pigment est aggloméré au centre de la cellule, les pigments des autres chromatophores sont exposés à la lumière et la peau prend leur teinte.",https://fr.wikipedia.org/wiki/Chromatophore
chromatophore,SPECIES,réaliser,"cette migration de pigment , la peau des animaux avec plusieurs sortes de chromatophores",NOUN,"Comme les autres chromatophores biochromatiques sont également capables de réaliser cette migration de pigment, la peau des animaux avec plusieurs sortes de chromatophores peut générer de cette façon ",https://fr.wikipedia.org/wiki/Chromatophore
chromatophore,SPECIES,générer,une large gamme de couleurs,NOUN,"Comme les autres chromatophores biochromatiques sont également capables de réaliser cette migration de pigment, la peau des animaux avec plusieurs sortes de chromatophores peut générer de cette façon ",https://fr.wikipedia.org/wiki/Chromatophore
chromatophore,SPECIES,quitter,la crête neurale,NOUN,"Quittant la crête neurale par vagues successives, les chromatophores prennent soit un chemin dorsolatéral à travers le derme, entrant dans l'ectoderme par de petits espaces situés dans la lame basale,",https://fr.wikipedia.org/wiki/Chromatophore
chromatophore,SPECIES,prendre,un chemin dorsolatéral à travers le derme,NOUN,"Quittant la crête neurale par vagues successives, les chromatophores prennent soit un chemin dorsolatéral à travers le derme, entrant dans l'ectoderme par de petits espaces situés dans la lame basale,",https://fr.wikipedia.org/wiki/Chromatophore
chromatophore,SPECIES,obtenir,les différents types de chromatophores,NOUN,"Quand et comment les cellules multipotentes précurseurs des chromatophores, appelées chromatoblastes, se différencient pour obtenir les différents types de chromatophores est en cours de recherche.",https://fr.wikipedia.org/wiki/Chromatophore
chromatophore,SPECIES,jouer,un rôle important,NOUN,factor (mitf) jouent un rôle important dans la différenciation des chromatophores.,https://fr.wikipedia.org/wiki/Chromatophore
chromatophore,SPECIES,comprendre,le fonctionnement des chromatophores,NOUN,"== Applications pratiques == En plus de la recherche fondamentale pour mieux comprendre le fonctionnement des chromatophores, les cellules sont également utilisées en recherche appliquée.",https://fr.wikipedia.org/wiki/Chromatophore
chromatophore,SPECIES,former,les rayures horizontales régulières observables,NOUN,"Par exemple, la larve du poisson zèbre est étudiée pour comprendre comment les chromatophores s'organisent et communiquent pour former les rayures horizontales régulières observables chez l'adulte.",https://fr.wikipedia.org/wiki/Chromatophore
chromatophore,SPECIES,modéliser,"certaines affections humaines , comme le mélanome ou l' albinisme",NOUN,"La biologie des chromatophores est également utilisée pour modéliser certaines affections humaines, comme le mélanome ou l'albinisme.",https://fr.wikipedia.org/wiki/Chromatophore
chromatophore,SPECIES,présenter,certains types de déficience visuelle,NOUN,"Les chromatophores sont aussi utilisés comme biomarqueur de la cécité chez les espèces à sang froid, car les animaux présentant certains types de déficience visuelle ne parviennent pas à réaliser l'ho",https://fr.wikipedia.org/wiki/Chromatophore
chromatophore,SPECIES,réaliser,l' homochromie,NOUN,"Les chromatophores sont aussi utilisés comme biomarqueur de la cécité chez les espèces à sang froid, car les animaux présentant certains types de déficience visuelle ne parviennent pas à réaliser l'ho",https://fr.wikipedia.org/wiki/Chromatophore
chromatophore,SPECIES,concerner,les changements de couleur des chromatophores,NOUN,"Des applications militaires potentielles concernant les changements de couleur des chromatophores ont été proposées, principalement comme type de camouflage actif.",https://fr.wikipedia.org/wiki/Chromatophore
chromatophore,SPECIES,actionner,leurs chromatophores,NOUN,"Les poulpes actionnent leurs chromatophores par vagues, obtenant une manifestation chromatique complexe et de rapides changements de couleurs.",https://fr.wikipedia.org/wiki/Chromatophore
chromatophore,SPECIES,obtenir,une manifestation chromatique complexe et de rapides changements de couleurs,NOUN,"Les poulpes actionnent leurs chromatophores par vagues, obtenant une manifestation chromatique complexe et de rapides changements de couleurs.",https://fr.wikipedia.org/wiki/Chromatophore
céphalopode,SPECIES,utiliser,le changement de couleur,NOUN,"Comme d'autres animaux, les céphalopodes utilisent le changement de couleur dans leurs interactions sociales.",https://fr.wikipedia.org/wiki/Chromatophore
céphalopode,SPECIES,complexifier,leur comportement en fonction des événements de leur environnement,NOUN,L'intelligence des céphalopodes est la capacité de ces derniers à s'adapter et à complexifier leur comportement en fonction des événements de leur environnement.,https://fr.wikipedia.org/wiki/Intelligence%20des%20c%C3%A9phalopodes
poulpe,SPECIES,guetter,le moment où il est ouvert,NOUN,"En conséquence, les poulpes guettent le moment où il est ouvert, et mettent un petit caillou entre les valves, mais en dehors du corps même de l'animal, de peur qu'il ne chasse le caillou par ses cont",https://fr.wikipedia.org/wiki/Intelligence%20des%20c%C3%A9phalopodes
poulpe,SPECIES,mettre,un petit caillou,NOUN,"En conséquence, les poulpes guettent le moment où il est ouvert, et mettent un petit caillou entre les valves, mais en dehors du corps même de l'animal, de peur qu'il ne chasse le caillou par ses cont",https://fr.wikipedia.org/wiki/Intelligence%20des%20c%C3%A9phalopodes
poulpe,SPECIES,chasser,le caillou par ses contractions,NOUN,"En conséquence, les poulpes guettent le moment où il est ouvert, et mettent un petit caillou entre les valves, mais en dehors du corps même de l'animal, de peur qu'il ne chasse le caillou par ses cont",https://fr.wikipedia.org/wiki/Intelligence%20des%20c%C3%A9phalopodes
poulpe,SPECIES,attaquer,leur proie avec sécurité,NOUN,"En conséquence, les poulpes guettent le moment où il est ouvert, et mettent un petit caillou entre les valves, mais en dehors du corps même de l'animal, de peur qu'il ne chasse le caillou par ses cont",https://fr.wikipedia.org/wiki/Intelligence%20des%20c%C3%A9phalopodes
poulpe,SPECIES,extraire,les chairs,NOUN,"En conséquence, les poulpes guettent le moment où il est ouvert, et mettent un petit caillou entre les valves, mais en dehors du corps même de l'animal, de peur qu'il ne chasse le caillou par ses cont",https://fr.wikipedia.org/wiki/Intelligence%20des%20c%C3%A9phalopodes
pieuvre,SPECIES,démontrer,sa capacité,NOUN,"=== À ce jour, la pieuvre est le seul invertébré à  avoir démontré sa capacité à faire usage d'outils.",https://fr.wikipedia.org/wiki/Intelligence%20des%20c%C3%A9phalopodes
pieuvre,SPECIES,faire,usage d' outils,NOUN,"=== À ce jour, la pieuvre est le seul invertébré à  avoir démontré sa capacité à faire usage d'outils.",https://fr.wikipedia.org/wiki/Intelligence%20des%20c%C3%A9phalopodes
pieuvre,SPECIES,faire,des coquilles ou un camouflage,NOUN,"Beaucoup d'autres invertébrés usent de divers objets pour s'en faire des coquilles ou un camouflage, mais ces comportements sont loin d'égaler celui de la pieuvre en complexité.",https://fr.wikipedia.org/wiki/Intelligence%20des%20c%C3%A9phalopodes
pieuvre,SPECIES,égaler,celui de la pieuvre en complexité,PRON,"Beaucoup d'autres invertébrés usent de divers objets pour s'en faire des coquilles ou un camouflage, mais ces comportements sont loin d'égaler celui de la pieuvre en complexité.",https://fr.wikipedia.org/wiki/Intelligence%20des%20c%C3%A9phalopodes
céphalopode,SPECIES,consommer,"ont souvent des becs dans l' estomac , où ils se digèrent mal",NOUN,"Les cétacés qui consomment des céphalopodes ont souvent des becs dans l'estomac, où ils se digèrent mal.",https://fr.wikipedia.org/wiki/Bec%20des%20c%C3%A9phalopodes
céphalopode,SPECIES,dénombrer,"plus de 10 000 formes de fossiles céphalopodes , dont vraisemblablement un bon nombre de calmars",NOUN,"On dénombre plus de 10 000 formes de fossiles céphalopodes, dont vraisemblablement un bon nombre de calmars.",https://fr.wikipedia.org/wiki/Bec%20des%20c%C3%A9phalopodes
céphalopode,SPECIES,comprendre,certains coléoïdes,VERB,"Les céphalopodes utilisés en cuisine comprennent certains coléoïdes, c'est-à-dire quelques poulpes, seiches et calmars couramment consommés.",https://fr.wikipedia.org/wiki/C%C3%A9phalopodes%20utilis%C3%A9s%20en%20cuisine
céphalopode,SPECIES,dire,"quelques poulpes , seiches et calmars couramment consommés",NOUN,"Les céphalopodes utilisés en cuisine comprennent certains coléoïdes, c'est-à-dire quelques poulpes, seiches et calmars couramment consommés.",https://fr.wikipedia.org/wiki/C%C3%A9phalopodes%20utilis%C3%A9s%20en%20cuisine
poulpe,SPECIES,désigner,les calmars,NOUN,"En gastronomie, le terme d'encornet désigne les calmars et, par abus de langage, les seiches, voire parfois les poulpes.",https://fr.wikipedia.org/wiki/C%C3%A9phalopodes%20utilis%C3%A9s%20en%20cuisine
poulpe,SPECIES,manger,des calmars ou des poulpes encore vivants,NOUN,"Au Japon, l'odorigui (踊り食い) est une façon de manger des calmars ou des poulpes encore vivants.",https://fr.wikipedia.org/wiki/C%C3%A9phalopodes%20utilis%C3%A9s%20en%20cuisine
octopode,SPECIES,regrouper,certaines espèces d' octopodes,NOUN,Le terme « poulpe » regroupe seulement certaines espèces d'octopodes.,https://fr.wikipedia.org/wiki/C%C3%A9phalopodes%20utilis%C3%A9s%20en%20cuisine
poulpe,SPECIES,exister,différentes appellations locales pour désigner le poulpe : poufre à Sète,NOUN,Il existe différentes appellations locales pour désigner le poulpe : poufre à Sète ;,https://fr.wikipedia.org/wiki/C%C3%A9phalopodes%20utilis%C3%A9s%20en%20cuisine
poulpe,SPECIES,désigner,le poulpe,NOUN,Il existe différentes appellations locales pour désigner le poulpe : poufre à Sète ;,https://fr.wikipedia.org/wiki/C%C3%A9phalopodes%20utilis%C3%A9s%20en%20cuisine
poulpe,SPECIES,préparer,le poulpe,NOUN,"Pour préparer le poulpe, il faut tout d'abord en attendrir la chair.",https://fr.wikipedia.org/wiki/C%C3%A9phalopodes%20utilis%C3%A9s%20en%20cuisine
poulpe,SPECIES,attendrir,la chair,NOUN,"Pour préparer le poulpe, il faut tout d'abord en attendrir la chair.",https://fr.wikipedia.org/wiki/C%C3%A9phalopodes%20utilis%C3%A9s%20en%20cuisine
poulpe,SPECIES,faire,le poulpe,NOUN,"Des précautions doivent être prises pour faire correctement bouillir le poulpe, il faut préalablement le débarrasser de la boue, de l'odeur et des résidus d'encre.",https://fr.wikipedia.org/wiki/C%C3%A9phalopodes%20utilis%C3%A9s%20en%20cuisine
poulpe,SPECIES,capturer,le poulpe,NOUN,"Sur l'île tunisienne de Djerba, les populations locales capturent le poulpe en profitant de leur habitude à se cacher dans des endroits abrités pendant la nuit.",https://fr.wikipedia.org/wiki/C%C3%A9phalopodes%20utilis%C3%A9s%20en%20cuisine
poulpe,SPECIES,soulever,ces derniers,ADJ,"Le matin du jour suivant, ils n'ont plus qu'à soulever ces derniers pour capturer les poulpes qui s'y abritent.",https://fr.wikipedia.org/wiki/C%C3%A9phalopodes%20utilis%C3%A9s%20en%20cuisine
poulpe,SPECIES,capturer,les poulpes qui s' y abritent,NOUN,"Le matin du jour suivant, ils n'ont plus qu'à soulever ces derniers pour capturer les poulpes qui s'y abritent.",https://fr.wikipedia.org/wiki/C%C3%A9phalopodes%20utilis%C3%A9s%20en%20cuisine
poulpe,SPECIES,attendrir,la chair des poulpes,NOUN,"Une fois à terre, le pêcheur attendrit la chair des poulpes en pilonnant la carcasse contre une surface en pierre.",https://fr.wikipedia.org/wiki/C%C3%A9phalopodes%20utilis%C3%A9s%20en%20cuisine
poulpe,SPECIES,pilonner,la carcasse contre une surface en pierre,NOUN,"Une fois à terre, le pêcheur attendrit la chair des poulpes en pilonnant la carcasse contre une surface en pierre.",https://fr.wikipedia.org/wiki/C%C3%A9phalopodes%20utilis%C3%A9s%20en%20cuisine
poulpe,SPECIES,contenir,environ 139 calories,NOUN,"Selon l'USDA Nutrient Database (2007), le poulpe contient environ 139 calories par portion de trois onces (164 calories/100 g)",https://fr.wikipedia.org/wiki/C%C3%A9phalopodes%20utilis%C3%A9s%20en%20cuisine
poulpe,SPECIES,posséder,deux rangées par tentacule,NOUN,"Les poulpes du genre Eledone, aussi appelés poulpes blancs, ont une seule rangée de ventouses par tentacule, alors que les poulpes du genre Octopus en possèdent deux rangées par tentacule.",https://www.guidedesespeces.org/fr/poulpe
poulpe,SPECIES,faire,l’ objet,NOUN,Les différentes espèces de poulpe font l’objet d’une exploitation intensive à travers le monde.,https://www.guidedesespeces.org/fr/poulpe
poulpe,SPECIES,atteindre,384 814 tonnes,NOUN,"Les débarquements de poulpe (toutes espèces confondues) ont atteint 384 814 tonnes en 2022, issus principalement de l’océan Pacifi que.",https://www.guidedesespeces.org/fr/poulpe
poulpe,SPECIES,représenter,environ 40 % du total des captures démersales de cette zone,NOUN,-Est est la première source d’approvisionnement du marché européen en poulpe et représente environ 40 % du total des captures démersales de cette zone.,https://www.guidedesespeces.org/fr/poulpe
poulpe,SPECIES,négocier,des accords de pêche,NOUN,"Aujourd’hui, l es armements industriels de la Mauritanie et du Maroc sont des acteurs majeurs de l’exploitation du poulpe de l’Atlantique Centre-Est et les États riverains négocient des accords de pêc",https://www.guidedesespeces.org/fr/poulpe
poulpe,SPECIES,autoriser,l’ accès et la pêche dans leurs eaux,NOUN,"Aujourd’hui, l es armements industriels de la Mauritanie et du Maroc sont des acteurs majeurs de l’exploitation du poulpe de l’Atlantique Centre-Est et les États riverains négocient des accords de pêc",https://www.guidedesespeces.org/fr/poulpe
poulpe,SPECIES,pêcher,le poulpe principalement,NOUN,"La France pêchait le poulpe principalement en Méditerranée (2 002 sur 6 165 tonnes en 2022), mais en 2021 et 2022 les débarquements dans le golfe de Gascogne et à l'entrée de la Manche ont dépassé les",https://www.guidedesespeces.org/fr/poulpe
poulpe,SPECIES,dépasser,les 3 000 t ( 3 447 tonnes en 2022,NOUN,"La France pêchait le poulpe principalement en Méditerranée (2 002 sur 6 165 tonnes en 2022), mais en 2021 et 2022 les débarquements dans le golfe de Gascogne et à l'entrée de la Manche ont dépassé les",https://www.guidedesespeces.org/fr/poulpe
poulpe,SPECIES,dépasser,soit 56 % du volume de poulpe,NOUN,"La France pêchait le poulpe principalement en Méditerranée (2 002 sur 6 165 tonnes en 2022), mais en 2021 et 2022 les débarquements dans le golfe de Gascogne et à l'entrée de la Manche ont dépassé les",https://www.guidedesespeces.org/fr/poulpe
poulpe,SPECIES,débarquer,192 tonnes de poulpe,NOUN,La Belgique a débarqué 192 tonnes de poulpe en 2022.,https://www.guidedesespeces.org/fr/poulpe
poulpe,SPECIES,gérer,la pêcherie de poulpe,NOUN,Gambie : plan mis en place en 2016 pour gérer la pêcherie de poulpe dans les eaux du Sénégal.,https://www.guidedesespeces.org/fr/poulpe
céphalopode,SPECIES,inclure,un maillage minimal de 70 mm pour les chalutiers céphalopodiers,NOUN,"Les mesures techniques existantes incluent un maillage minimal de 70 mm pour les chalutiers céphalopodiers, l’interdiction de la pêche dans certaines zones, la déclaration des captures ainsi que la dé",https://www.guidedesespeces.org/fr/poulpe
céphalopode,SPECIES,inclure,"l’ interdiction de la pêche dans certaines zones , la déclaration des captures ainsi que la définiti",NOUN,"Les mesures techniques existantes incluent un maillage minimal de 70 mm pour les chalutiers céphalopodiers, l’interdiction de la pêche dans certaines zones, la déclaration des captures ainsi que la dé",https://www.guidedesespeces.org/fr/poulpe
poulpe,SPECIES,inclure,une limitation du nombre d’ engins de pêche ciblant le poulpe,NOUN,Ces mesures incluent notamment une limitation du nombre d’engins de pêche ciblant le poulpe.,https://www.guidedesespeces.org/fr/poulpe
poulpe,SPECIES,cibler,le poulpe,NOUN,Ces mesures incluent notamment une limitation du nombre d’engins de pêche ciblant le poulpe.,https://www.guidedesespeces.org/fr/poulpe
poulpe commun,SPECIES,inclure,la Méditerranée et les autres zones de l’ Atlantique Nord-Est,PROPN,L’état des stocks du poulpe commun dans les autres parties du monde (incluant la Méditerranée et les autres zones de l’Atlantique Nord-Est) est inconnu.,https://www.guidedesespeces.org/fr/poulpe
enteroctopus dofleini,SPECIES,almost,9 metres,NOUN,"long, while the largest species , the reddish pink giant Pacific octopus ( Enteroctopus dofleini ), may grow to 5.4 metres (18 feet) in length and have an arm span of almost 9 metres (30 feet).",https://www.britannica.com/animal/octopus-mollusk
octopus vulgaris,SPECIES,créer,un compte Poulpe commun Octopus vulgaris | Cuvier,NOUN,"bservations pour la R econnaissance et l' I dentification de la faune et la flore S ubaquatiques Se connecter Créer un compte Poulpe commun Octopus vulgaris | Cuvier, 1797 N° 847 Mer du Nord, Manche, ",https://doris.ffessm.fr/Especes/Octopus-vulgaris-Poulpe-commun-847
poulpe commun,SPECIES,contacter,le responsable de la fiche,NOUN,N'hésitez pas à contacter le responsable de la fiche si vous observez ou mieux photographiez le poulpe commun plus à l'est que les côtes bretonnes du nord.,https://doris.ffessm.fr/Especes/Octopus-vulgaris-Poulpe-commun-847
poulpe commun,SPECIES,observer,le poulpe commun plus à l' est,NOUN,N'hésitez pas à contacter le responsable de la fiche si vous observez ou mieux photographiez le poulpe commun plus à l'est que les côtes bretonnes du nord.,https://doris.ffessm.fr/Especes/Octopus-vulgaris-Poulpe-commun-847
poulpe commun,SPECIES,observer,que les côtes bretonnes du nord,NOUN,N'hésitez pas à contacter le responsable de la fiche si vous observez ou mieux photographiez le poulpe commun plus à l'est que les côtes bretonnes du nord.,https://doris.ffessm.fr/Especes/Octopus-vulgaris-Poulpe-commun-847
poulpe,SPECIES,mettre,l' action des bras et des ventouses pour la capture des proies et le transport jusqu' au gîte,NOUN,"Pour s'alimenter, le poulpe met en œuvre successivement : l'action des bras et des ventouses pour la capture des proies et le transport jusqu'au gîte.",https://doris.ffessm.fr/Especes/Octopus-vulgaris-Poulpe-commun-847
poulpe,SPECIES,masquer,l' entrée,NOUN,Le gîte du poulpe est bien souvent marqué par une agglomération de déchets pour en masquer l'entrée.,https://doris.ffessm.fr/Especes/Octopus-vulgaris-Poulpe-commun-847
poulpe,SPECIES,proposer,les gargoulettes ( amphores et poteries encordées ),NOUN,"Ce comportement a été mis à profit par les pêcheurs, qui depuis l'antiquité ont proposé au poulpe des gîtes individuels, les gargoulettes (amphores et poteries encordées) pour le pêcher.",https://doris.ffessm.fr/Especes/Octopus-vulgaris-Poulpe-commun-847
poulpe,SPECIES,posséder,"des capacités de camouflage très développées , qui combinent posture , structure cutanée et couleurs",NOUN,"Le poulpe possède des capacités de camouflage très développées, qui combinent posture, structure cutanée et couleurs.",https://doris.ffessm.fr/Especes/Octopus-vulgaris-Poulpe-commun-847
poulpe,SPECIES,combiner,"posture , structure cutanée et couleurs",NOUN,"Le poulpe possède des capacités de camouflage très développées, qui combinent posture, structure cutanée et couleurs.",https://doris.ffessm.fr/Especes/Octopus-vulgaris-Poulpe-commun-847
chromatophore,SPECIES,permettre,l' ensemble des dessins cutanés utilisés par le poulpe pour son camouflage,NOUN,"Associés à d'autres cellules de taille fixe, les iridophores (réfraction élevée) et les leucophores (dispersion de la lumière), et superposés en 4 ou 5 couches, les chromatophores permettent l'ensembl",https://doris.ffessm.fr/Especes/Octopus-vulgaris-Poulpe-commun-847
poulpe,SPECIES,posséder,un atout qui lui permet de dissimuler sa fuite et tromper le prédateur,NOUN,"En cas de danger, le poulpe possède un atout qui lui permet de dissimuler sa fuite et tromper le prédateur.",https://doris.ffessm.fr/Especes/Octopus-vulgaris-Poulpe-commun-847
poulpe,SPECIES,dissimuler,sa fuite,NOUN,"En cas de danger, le poulpe possède un atout qui lui permet de dissimuler sa fuite et tromper le prédateur.",https://doris.ffessm.fr/Especes/Octopus-vulgaris-Poulpe-commun-847
poulpe,SPECIES,tromper,le prédateur,NOUN,"En cas de danger, le poulpe possède un atout qui lui permet de dissimuler sa fuite et tromper le prédateur.",https://doris.ffessm.fr/Especes/Octopus-vulgaris-Poulpe-commun-847
poulpe,SPECIES,dessiner,la forme du poulpe,NOUN,Ce leurre sombre qui semble dessiner la forme du poulpe peut persister une dizaine de minutes.,https://doris.ffessm.fr/Especes/Octopus-vulgaris-Poulpe-commun-847
poulpe,SPECIES,persister,une dizaine de minutes,NOUN,Ce leurre sombre qui semble dessiner la forme du poulpe peut persister une dizaine de minutes.,https://doris.ffessm.fr/Especes/Octopus-vulgaris-Poulpe-commun-847
poulpe,SPECIES,intimider,les intrus et également pour parader,NOUN,Le poulpe se sert de ces ventouses pour intimider les intrus et également pour parader à l'époque du frai.,https://doris.ffessm.fr/Especes/Octopus-vulgaris-Poulpe-commun-847
poulpe,SPECIES,subir,"de fréquentes amputations totales ou partielles sur les bras de la part de ses prédateurs , congres ",NOUN,"Le poulpe subit de fréquentes amputations totales ou partielles sur les bras de la part de ses prédateurs, congres, murènes, crustacés.",https://doris.ffessm.fr/Especes/Octopus-vulgaris-Poulpe-commun-847
poulpe,SPECIES,remplacer,l' hémoglobine,NOUN,Le sang du poulpe contient de l'hémocyanine qui remplace l'hémoglobine.,https://doris.ffessm.fr/Especes/Octopus-vulgaris-Poulpe-commun-847
poulpe,SPECIES,arpenter,le fond marin,NOUN,"Maître de son territoire, le poulpe s'y déplace, y chasse, en arpentant le fond marin.",https://doris.ffessm.fr/Especes/Octopus-vulgaris-Poulpe-commun-847
poulpe,SPECIES,nécessiter,une telle dépense d' énergie que le poulpe ne l' utiliserait que très rarement,NOUN,Mais il nécessiterait une telle dépense d'énergie que le poulpe ne l'utiliserait que très rarement.,https://doris.ffessm.fr/Especes/Octopus-vulgaris-Poulpe-commun-847
poulpe,SPECIES,expliquer,la découverte tardive de ce nouvel étrange atout du poulpe,NOUN,Ce qui expliquerait la découverte tardive de ce nouvel étrange atout du poulpe.,https://doris.ffessm.fr/Especes/Octopus-vulgaris-Poulpe-commun-847
poulpe,SPECIES,frappe,le poulpe mâle,NOUN,"La seconde cause est mieux connue, il s'agit d'un effet de la sénescence qui frappe le poulpe mâle après sa maturité sexuelle et sa période d'activité reproductrice.",https://doris.ffessm.fr/Especes/Octopus-vulgaris-Poulpe-commun-847
poulpe,SPECIES,affecter,les bras,NOUN,"Cette perte affecte notamment les bras, qui partent en tous sens en se gênant mutuellement, et peut mener à l'autophagie, le poulpe consommant ses bras.",https://doris.ffessm.fr/Especes/Octopus-vulgaris-Poulpe-commun-847
poulpe,SPECIES,consommer,ses bras,NOUN,"Cette perte affecte notamment les bras, qui partent en tous sens en se gênant mutuellement, et peut mener à l'autophagie, le poulpe consommant ses bras.",https://doris.ffessm.fr/Especes/Octopus-vulgaris-Poulpe-commun-847
poulpe,SPECIES,reprendre,sa parade,NOUN,"Reprise de l'observation du premier poulpe, il a repris sa parade.",https://doris.ffessm.fr/Especes/Octopus-vulgaris-Poulpe-commun-847
poulpe,SPECIES,traumatiser,les poulpes,NOUN,Beaucoup de plongeurs « traumatisent » les poulpes en « jouant » avec eux jusqu'à ce qu'ils projettent leur encre.,https://doris.ffessm.fr/Especes/Octopus-vulgaris-Poulpe-commun-847
poulpe,SPECIES,projeter,leur encre,NOUN,Beaucoup de plongeurs « traumatisent » les poulpes en « jouant » avec eux jusqu'à ce qu'ils projettent leur encre.,https://doris.ffessm.fr/Especes/Octopus-vulgaris-Poulpe-commun-847
poulpe,SPECIES,laisser,l' initiative,NOUN,Le poulpe est joueur mais laissez-lui l'initiative.,https://doris.ffessm.fr/Especes/Octopus-vulgaris-Poulpe-commun-847
poulpe commun,SPECIES,pêcher,le poulpe commun,NOUN,"Statuts de conservation et réglementations diverses En Méditerranée, il est interdit de pêcher le poulpe commun dans le Parc National des Calanques (13) entre le 1 er juin et le 30 septembre pour le p",https://doris.ffessm.fr/Especes/Octopus-vulgaris-Poulpe-commun-847
poulpe,SPECIES,dresser,une vigie immobile,NOUN,"La posture de ce poulpe, dressé telle une vigie immobile, nous montre les marbrures typiques de la livrée de son manteau.",https://doris.ffessm.fr/Especes/Octopus-vulgaris-Poulpe-commun-847
poulpe,SPECIES,montre,les marbrures typiques de la livrée de son manteau,NOUN,"La posture de ce poulpe, dressé telle une vigie immobile, nous montre les marbrures typiques de la livrée de son manteau.",https://doris.ffessm.fr/Especes/Octopus-vulgaris-Poulpe-commun-847
poulpe commun,SPECIES,agrandir,l' image Poulpe commun,NOUN,"Agrandir l'image Poulpe commun La posture de ce poulpe, dressé telle une vigie immobile, nous montre les marbrures typiques de la livrée de son manteau.",https://doris.ffessm.fr/Especes/Octopus-vulgaris-Poulpe-commun-847
poulpe commun,SPECIES,agrandir,La posture de ce poulpe,NOUN,"Agrandir l'image Poulpe commun La posture de ce poulpe, dressé telle une vigie immobile, nous montre les marbrures typiques de la livrée de son manteau.",https://doris.ffessm.fr/Especes/Octopus-vulgaris-Poulpe-commun-847
poulpe commun,SPECIES,dresser,une vigie immobile,NOUN,"Agrandir l'image Poulpe commun La posture de ce poulpe, dressé telle une vigie immobile, nous montre les marbrures typiques de la livrée de son manteau.",https://doris.ffessm.fr/Especes/Octopus-vulgaris-Poulpe-commun-847
poulpe commun,SPECIES,montre,les marbrures typiques de la livrée de son manteau,NOUN,"Agrandir l'image Poulpe commun La posture de ce poulpe, dressé telle une vigie immobile, nous montre les marbrures typiques de la livrée de son manteau.",https://doris.ffessm.fr/Especes/Octopus-vulgaris-Poulpe-commun-847
octopus vulgaris,SPECIES,distinguer,la structure en grappe de la ponte d ' Octopus vulgaris,NOUN,Œufs Œufs Cette macrophotographie permet de distinguer la structure en grappe de la ponte d' Octopus vulgaris.,https://doris.ffessm.fr/Especes/Octopus-vulgaris-Poulpe-commun-847
octopus vulgaris,SPECIES,agrandir,l' image,NOUN,Agrandir l'image Œufs Cette macrophotographie permet de distinguer la structure en grappe de la ponte d' Octopus vulgaris.,https://doris.ffessm.fr/Especes/Octopus-vulgaris-Poulpe-commun-847
poulpe,SPECIES,agrandir,l' image Ponte de poulpe,NOUN,Agrandir l'image Ponte de poulpe éclose,https://doris.ffessm.fr/Especes/Octopus-vulgaris-Poulpe-commun-847
poulpe,SPECIES,donne,l' échelle,NOUN,Juvénile 1 Juvénile 1 La main du plongeur donne l'échelle : voici un poulpe probablement pas bien vieux !,https://doris.ffessm.fr/Especes/Octopus-vulgaris-Poulpe-commun-847
poulpe,SPECIES,voici,un poulpe,NOUN,Juvénile 1 Juvénile 1 La main du plongeur donne l'échelle : voici un poulpe probablement pas bien vieux !,https://doris.ffessm.fr/Especes/Octopus-vulgaris-Poulpe-commun-847
poulpe,SPECIES,agrandir,l' image Juvénile,NOUN,", de nuit François WÜRZ 2011 Agrandir l'image Juvénile 1 La main du plongeur donne l'échelle : voici un poulpe probablement pas bien vieux !",https://doris.ffessm.fr/Especes/Octopus-vulgaris-Poulpe-commun-847
poulpe,SPECIES,agrandir,1 La main du plongeur,NOUN,", de nuit François WÜRZ 2011 Agrandir l'image Juvénile 1 La main du plongeur donne l'échelle : voici un poulpe probablement pas bien vieux !",https://doris.ffessm.fr/Especes/Octopus-vulgaris-Poulpe-commun-847
poulpe,SPECIES,remarquer,la technique de capture d' un grand crustacé par le poulpe,NOUN,Cette intéressante prise de vue permet de bien remarquer la technique de capture d'un grand crustacé par le poulpe.,https://doris.ffessm.fr/Especes/Octopus-vulgaris-Poulpe-commun-847
poulpe,SPECIES,attaquer,l' abdomen du crustacé,NOUN,"Les pinces sont maintenues écartées pour permettre au bec du poulpe d'attaquer l'abdomen du crustacé, son point faible, en face ventrale.",https://doris.ffessm.fr/Especes/Octopus-vulgaris-Poulpe-commun-847
poulpe,SPECIES,attaquer,son point faible,NOUN,"Les pinces sont maintenues écartées pour permettre au bec du poulpe d'attaquer l'abdomen du crustacé, son point faible, en face ventrale.",https://doris.ffessm.fr/Especes/Octopus-vulgaris-Poulpe-commun-847
poulpe,SPECIES,agrandir,l' image,NOUN,Agrandir l'image Dans l'herbier Cette posture est caractéristique du poulpe lors de déplacements rapides.,https://doris.ffessm.fr/Especes/Octopus-vulgaris-Poulpe-commun-847
poulpe,SPECIES,régènère,des tentacules à peu près normaux,NOUN,Il faut environ 4 mois (selon la température) pour qu'un poulpe régènère des tentacules à peu près normaux.,https://doris.ffessm.fr/Especes/Octopus-vulgaris-Poulpe-commun-847
poulpe,SPECIES,voir,un poulpe,NOUN,On voit parfois un poulpe se frotter les tentacules entre eux et contre le corps (un peu comme on se frictionne d'une serviette en sortant du bain);,https://doris.ffessm.fr/Especes/Octopus-vulgaris-Poulpe-commun-847
poulpe,SPECIES,frotter,les tentacules,NOUN,On voit parfois un poulpe se frotter les tentacules entre eux et contre le corps (un peu comme on se frictionne d'une serviette en sortant du bain);,https://doris.ffessm.fr/Especes/Octopus-vulgaris-Poulpe-commun-847
poulpe,SPECIES,renouveler,la ventouse garde toujours le maximum d' efficacité ),NOUN,"Un pagure sédentaire ( Calcinus tubularis ) est en train de tirer sur la fine peau qui avait commencé à se détacher de la ventouse du poulpe ( en effet, cette peau se renouvelle régulièrement de maniè",https://doris.ffessm.fr/Especes/Octopus-vulgaris-Poulpe-commun-847
pieuvre,SPECIES,porter,une lourde coquille,NOUN,"Des mollusques primitifs d'il y a 500 millions d'années, qui portaient une lourde coquille, à la pieuvre qui peuple nos mers, l'adaptation de cet animal à son milieu a été prodigieuse.",https://www.larousse.fr/encyclopedie/vie-sauvage/pieuvre_ou_poulpe/184019
octopus vulgaris,SPECIES,signifier,tête et pieds,NOUN,"La pieuvre commune (Octopus vulgaris) appartient à la classe des céphalopodes (un mot qui signifie tête et pieds), ce sont les plus évolués des mollusques.",https://www.larousse.fr/encyclopedie/vie-sauvage/pieuvre_ou_poulpe/184019
octopus vulgaris,SPECIES,évoluer,des mollusques,NOUN,"La pieuvre commune (Octopus vulgaris) appartient à la classe des céphalopodes (un mot qui signifie tête et pieds), ce sont les plus évolués des mollusques.",https://www.larousse.fr/encyclopedie/vie-sauvage/pieuvre_ou_poulpe/184019
céphalopode,SPECIES,savoir,"que tous les céphalopodes ont été , à une époque , en compétition avec des vertébrés , ce qui a infl",NOUN,"On sait seulement que tous les céphalopodes ont été, à une époque, en compétition avec des vertébrés, ce qui a influencé leur évolution.",https://www.larousse.fr/encyclopedie/vie-sauvage/pieuvre_ou_poulpe/184019
céphalopode,SPECIES,influencer,leur évolution,NOUN,"On sait seulement que tous les céphalopodes ont été, à une époque, en compétition avec des vertébrés, ce qui a influencé leur évolution.",https://www.larousse.fr/encyclopedie/vie-sauvage/pieuvre_ou_poulpe/184019
céphalopode,SPECIES,représenter,trois lignées distinctes,NOUN,Les céphalopodes récents les mieux connus représentent trois lignées distinctes.,https://www.larousse.fr/encyclopedie/vie-sauvage/pieuvre_ou_poulpe/184019
pieuvre,SPECIES,évoluer,"la seiche , elle , est un peu au-dessus du fond marin",NOUN,"Le calmar évolue en pleine mer, la seiche, elle, est un peu au-dessus du fond marin, tandis que la pieuvre (ou poulpe) ne le quitte que rarement.",https://www.larousse.fr/encyclopedie/vie-sauvage/pieuvre_ou_poulpe/184019
octopus vulgaris,SPECIES,chasser,les intrus,NOUN,"La vie de la pieuvre Évoluant sans hâte ou fuyant à reculons Poulpe Octopus vulgaris évolue sur le fond de la mer, près des côtes, en solitaire attaché à son territoire, dont il chasse les intrus.",https://www.larousse.fr/encyclopedie/vie-sauvage/pieuvre_ou_poulpe/184019
pieuvre commune,SPECIES,installer,le plus loin possible des autres animaux,NOUN,"La pieuvre commune s'installe dans un abri individuel, le plus loin possible des autres animaux.",https://www.larousse.fr/encyclopedie/vie-sauvage/pieuvre_ou_poulpe/184019
pieuvre,SPECIES,chercher,leur nourriture,NOUN,"D'ordinaire, les pieuvres ne se déplacent que pour chercher leur nourriture ou, tout au plus, pour changer d'abri.",https://www.larousse.fr/encyclopedie/vie-sauvage/pieuvre_ou_poulpe/184019
céphalopode,SPECIES,jouer,un rôle important,NOUN,"Ce système locomoteur, unique dans le règne animal, a joué un rôle important dans l'évolution des céphalopodes.",https://www.larousse.fr/encyclopedie/vie-sauvage/pieuvre_ou_poulpe/184019
pieuvre,SPECIES,orienter,"l' entonnoir , très mobile",NOUN,"La pieuvre change de direction à son gré en orientant l'entonnoir, très mobile, un peu comme un gouvernail, et il lui suffit d'écarter les bras pour freiner.",https://www.larousse.fr/encyclopedie/vie-sauvage/pieuvre_ou_poulpe/184019
pieuvre,SPECIES,orienter,"un peu comme un gouvernail ,",NOUN,"La pieuvre change de direction à son gré en orientant l'entonnoir, très mobile, un peu comme un gouvernail, et il lui suffit d'écarter les bras pour freiner.",https://www.larousse.fr/encyclopedie/vie-sauvage/pieuvre_ou_poulpe/184019
pieuvre,SPECIES,écarter,les bras,NOUN,"La pieuvre change de direction à son gré en orientant l'entonnoir, très mobile, un peu comme un gouvernail, et il lui suffit d'écarter les bras pour freiner.",https://www.larousse.fr/encyclopedie/vie-sauvage/pieuvre_ou_poulpe/184019
pieuvre,SPECIES,prendre,la fuite,NOUN,"La pieuvre peut ainsi se déplacer lentement, en avant comme en arrière, ou encore nager rapidement, à reculons, à la recherche d'une proie, ou pour prendre la fuite.",https://www.larousse.fr/encyclopedie/vie-sauvage/pieuvre_ou_poulpe/184019
pieuvre,SPECIES,dissimuler,sa fuite,NOUN,"La poche du noir Pour échapper à un ennemi, la pieuvre bénéficie d'un atout grâce auquel elle dissimule sa fuite et donne le change : elle puise une sorte d'encre dans une poche spéciale et en envoie ",https://www.larousse.fr/encyclopedie/vie-sauvage/pieuvre_ou_poulpe/184019
pieuvre,SPECIES,donne,le change,NOUN,"La poche du noir Pour échapper à un ennemi, la pieuvre bénéficie d'un atout grâce auquel elle dissimule sa fuite et donne le change : elle puise une sorte d'encre dans une poche spéciale et en envoie ",https://www.larousse.fr/encyclopedie/vie-sauvage/pieuvre_ou_poulpe/184019
pieuvre,SPECIES,puiser,une sorte d' encre,NOUN,"La poche du noir Pour échapper à un ennemi, la pieuvre bénéficie d'un atout grâce auquel elle dissimule sa fuite et donne le change : elle puise une sorte d'encre dans une poche spéciale et en envoie ",https://www.larousse.fr/encyclopedie/vie-sauvage/pieuvre_ou_poulpe/184019
pieuvre,SPECIES,envoyer,de petits jets,NOUN,"La poche du noir Pour échapper à un ennemi, la pieuvre bénéficie d'un atout grâce auquel elle dissimule sa fuite et donne le change : elle puise une sorte d'encre dans une poche spéciale et en envoie ",https://www.larousse.fr/encyclopedie/vie-sauvage/pieuvre_ou_poulpe/184019
pieuvre,SPECIES,comprendre,"deux parties , l' une , glandulaire , produisant la mélanine , l' autre servant de réservoir pour ce",NOUN,"Elle comprend deux parties, l'une, glandulaire, produisant la mélanine, l'autre servant de réservoir pour ce pigment noir qui, mélangé au mucus, formera cette « encre » que la pieuvre expulse à volont",https://www.larousse.fr/encyclopedie/vie-sauvage/pieuvre_ou_poulpe/184019
pieuvre,SPECIES,produire,la mélanine,NOUN,"Elle comprend deux parties, l'une, glandulaire, produisant la mélanine, l'autre servant de réservoir pour ce pigment noir qui, mélangé au mucus, formera cette « encre » que la pieuvre expulse à volont",https://www.larousse.fr/encyclopedie/vie-sauvage/pieuvre_ou_poulpe/184019
pieuvre,SPECIES,former,cette « encre » que la pieuvre expulse à volonté en nuage compact,NOUN,"Elle comprend deux parties, l'une, glandulaire, produisant la mélanine, l'autre servant de réservoir pour ce pigment noir qui, mélangé au mucus, formera cette « encre » que la pieuvre expulse à volont",https://www.larousse.fr/encyclopedie/vie-sauvage/pieuvre_ou_poulpe/184019
pieuvre,SPECIES,désemparer,son agresseur,NOUN,"Elle comprend deux parties, l'une, glandulaire, produisant la mélanine, l'autre servant de réservoir pour ce pigment noir qui, mélangé au mucus, formera cette « encre » que la pieuvre expulse à volont",https://www.larousse.fr/encyclopedie/vie-sauvage/pieuvre_ou_poulpe/184019
pieuvre,SPECIES,attirer,l' attention,NOUN,"Un art surprenant du camouflage Pour passer inaperçue ou, au contraire, pour attirer l'attention, lorsqu'elle veut, par exemple, impressionner un ennemi ou séduire son partenaire en vue de l'accouplem",https://www.larousse.fr/encyclopedie/vie-sauvage/pieuvre_ou_poulpe/184019
pieuvre,SPECIES,impressionner,un ennemi,NOUN,"Un art surprenant du camouflage Pour passer inaperçue ou, au contraire, pour attirer l'attention, lorsqu'elle veut, par exemple, impressionner un ennemi ou séduire son partenaire en vue de l'accouplem",https://www.larousse.fr/encyclopedie/vie-sauvage/pieuvre_ou_poulpe/184019
pieuvre,SPECIES,séduire,son partenaire en vue de l' accouplement,NOUN,"Un art surprenant du camouflage Pour passer inaperçue ou, au contraire, pour attirer l'attention, lorsqu'elle veut, par exemple, impressionner un ennemi ou séduire son partenaire en vue de l'accouplem",https://www.larousse.fr/encyclopedie/vie-sauvage/pieuvre_ou_poulpe/184019
pieuvre,SPECIES,posséder,"toute une batterie de mécanismes combinant à la fois posture , structure cutanée et couleurs",NOUN,"Un art surprenant du camouflage Pour passer inaperçue ou, au contraire, pour attirer l'attention, lorsqu'elle veut, par exemple, impressionner un ennemi ou séduire son partenaire en vue de l'accouplem",https://www.larousse.fr/encyclopedie/vie-sauvage/pieuvre_ou_poulpe/184019
chromatophore,SPECIES,recouvrir,des leucophores eux - mêmes entourés par des iridophores,NOUN,L'interaction de ces différents éléments (chromatophores recouvrant des leucophores eux-mêmes entourés par des iridophores) est à l'origine des champs chromatiques qui produisent la variété des dessin,https://www.larousse.fr/encyclopedie/vie-sauvage/pieuvre_ou_poulpe/184019
chromatophore,SPECIES,produire,la variété des dessins de la peau,NOUN,L'interaction de ces différents éléments (chromatophores recouvrant des leucophores eux-mêmes entourés par des iridophores) est à l'origine des champs chromatiques qui produisent la variété des dessin,https://www.larousse.fr/encyclopedie/vie-sauvage/pieuvre_ou_poulpe/184019
céphalopode,SPECIES,discerner,les couleurs,NOUN,"Le Britannique J. Messenger a montré que cet art du camouflage, propre aux céphalopodes, résulte d'un simple phénomène passif de réflexion, les pieuvres ne discernant pas les couleurs.",https://www.larousse.fr/encyclopedie/vie-sauvage/pieuvre_ou_poulpe/184019
chromatophore,SPECIES,réfléchir,"les rayons lumineux qui les touchent ,",NOUN,"Lorsque les chromatophores se contractent, les iridophores réfléchissent automatiquement les rayons lumineux qui les touchent, quelle que soit la longueur d'onde émise.",https://www.larousse.fr/encyclopedie/vie-sauvage/pieuvre_ou_poulpe/184019
chromatophore,SPECIES,réfléchir,quelle que soit la longueur d' onde émise,NOUN,"Lorsque les chromatophores se contractent, les iridophores réfléchissent automatiquement les rayons lumineux qui les touchent, quelle que soit la longueur d'onde émise.",https://www.larousse.fr/encyclopedie/vie-sauvage/pieuvre_ou_poulpe/184019
chromatophore,SPECIES,imiter,le clair-obscur ou l' intensité du fond,NOUN,Les chromatophores imitent simplement le clair-obscur ou l'intensité du fond.,https://www.larousse.fr/encyclopedie/vie-sauvage/pieuvre_ou_poulpe/184019
pieuvre,SPECIES,dépendre,des facteurs chromatiques,NOUN,"Les dessins composés par la pieuvre ne dépendent pas seulement des facteurs chromatiques, mais aussi de la posture et de la structure de l'animal.",https://www.larousse.fr/encyclopedie/vie-sauvage/pieuvre_ou_poulpe/184019
pieuvre,SPECIES,saisir,"les crustacés Très casanière , la pieuvre ne sort de son abri que pour en trouver un plus sûr , ou p",NOUN,"Bras et ventouses pour saisir les crustacés Très casanière, la pieuvre ne sort de son abri que pour en trouver un plus sûr, ou pour chercher de la nourriture.",https://www.larousse.fr/encyclopedie/vie-sauvage/pieuvre_ou_poulpe/184019
pieuvre,SPECIES,trouver,un plus sûr,DET,"Bras et ventouses pour saisir les crustacés Très casanière, la pieuvre ne sort de son abri que pour en trouver un plus sûr, ou pour chercher de la nourriture.",https://www.larousse.fr/encyclopedie/vie-sauvage/pieuvre_ou_poulpe/184019
pieuvre,SPECIES,décrire,l' attaque d' une proie,NOUN,"M. J. Wells a minutieusement décrit l'attaque d'une proie : dès que celle-ci est en vue, la pieuvre lève la tête et fait face à l'intrus, puis elle s'en approche tout doucement, en changeant de couleu",https://www.larousse.fr/encyclopedie/vie-sauvage/pieuvre_ou_poulpe/184019
pieuvre,SPECIES,lever,la tête,NOUN,"M. J. Wells a minutieusement décrit l'attaque d'une proie : dès que celle-ci est en vue, la pieuvre lève la tête et fait face à l'intrus, puis elle s'en approche tout doucement, en changeant de couleu",https://www.larousse.fr/encyclopedie/vie-sauvage/pieuvre_ou_poulpe/184019
pieuvre,SPECIES,piéger,plusieurs crabes,NOUN,La pieuvre peut piéger plusieurs crabes dans la membrane inter-brachiale qui relie les bras entre eux à leur base.,https://www.larousse.fr/encyclopedie/vie-sauvage/pieuvre_ou_poulpe/184019
pieuvre,SPECIES,relier,les bras entre eux,NOUN,La pieuvre peut piéger plusieurs crabes dans la membrane inter-brachiale qui relie les bras entre eux à leur base.,https://www.larousse.fr/encyclopedie/vie-sauvage/pieuvre_ou_poulpe/184019
pieuvre,SPECIES,déchiqueter,sa victime,NOUN,Ce « bec » permet à la pieuvre de déchiqueter sa victime avant de l'avaler.,https://www.larousse.fr/encyclopedie/vie-sauvage/pieuvre_ou_poulpe/184019
pieuvre,SPECIES,percer,un ou plusieurs trous,NOUN,"Lorsque les pieuvres se nourrissent, par exemple, de mollusques à coquille, elles cherchent, dans certains cas, à percer un ou plusieurs trous dans cette coquille pour extraire plus facilement la chai",https://www.larousse.fr/encyclopedie/vie-sauvage/pieuvre_ou_poulpe/184019
pieuvre,SPECIES,extraire,la chair de la victime,NOUN,"Lorsque les pieuvres se nourrissent, par exemple, de mollusques à coquille, elles cherchent, dans certains cas, à percer un ou plusieurs trous dans cette coquille pour extraire plus facilement la chai",https://www.larousse.fr/encyclopedie/vie-sauvage/pieuvre_ou_poulpe/184019
pieuvre,SPECIES,joncher,les alentours,NOUN,"Les parties les plus dures, carapaces ou coquilles, sont rejetées : le refuge d'une pieuvre se reconnaît à l'amas des débris alimentaires qui jonchent les alentours.",https://www.larousse.fr/encyclopedie/vie-sauvage/pieuvre_ou_poulpe/184019
pieuvre,SPECIES,étudier,les pieuvres avec le laboratoire de Banyuls,NOUN,Katharina Mangold a étudié les pieuvres avec le laboratoire de Banyuls dans les années 1980.,https://www.larousse.fr/encyclopedie/vie-sauvage/pieuvre_ou_poulpe/184019
pieuvre,SPECIES,atteindre,le poids de 200 g,NOUN,"Elle observa que la plupart des pieuvres mâles, en mer catalane, étaient matures lorsqu'elles atteignaient le poids de 200 g, alors que les plus petites femelles qui l'étaient pesaient au minimum 500 ",https://www.larousse.fr/encyclopedie/vie-sauvage/pieuvre_ou_poulpe/184019
pieuvre,SPECIES,durer,des heures,NOUN,"La copulation des pieuvres peut durer des heures et se répéter plusieurs fois, soit avec le même partenaire, soit avec un autre.",https://www.larousse.fr/encyclopedie/vie-sauvage/pieuvre_ou_poulpe/184019
pieuvre,SPECIES,répéter,plusieurs fois,NOUN,"La copulation des pieuvres peut durer des heures et se répéter plusieurs fois, soit avec le même partenaire, soit avec un autre.",https://www.larousse.fr/encyclopedie/vie-sauvage/pieuvre_ou_poulpe/184019
pieuvre,SPECIES,connaître,les ruses et les comportements typiques de leur espèce,NOUN,"Orphelines dès leur naissance, les petites pieuvres semblent connaître de façon innée les ruses et les comportements typiques de leur espèce.",https://www.larousse.fr/encyclopedie/vie-sauvage/pieuvre_ou_poulpe/184019
céphalopode,SPECIES,trouver,"les appareils digestif , pulmonaire et génital",NOUN,"La pieuvre est un céphalopode dont les huit bras sont liés à une tête portant de chaque côté les yeux et elle-même prolongée par un corps musculaire (le manteau), où se trouvent les appareils digestif",https://www.larousse.fr/encyclopedie/vie-sauvage/pieuvre_ou_poulpe/184019
pieuvre,SPECIES,reconnaître,une forme,NOUN,Une pieuvre sait reconnaître une forme et l'associer à une sensation : elle apprend à se méfier du crabe lorsqu'il est accompagné d'un objet particulier.,https://www.larousse.fr/encyclopedie/vie-sauvage/pieuvre_ou_poulpe/184019
pieuvre,SPECIES,réussir,l' été,DET,"En Méditerranée, pendant l'été, une pieuvre réussit, en 100 jours, à passer de 250 g à 1 kg (elle prend donc 7,5 g par jour).",https://www.larousse.fr/encyclopedie/vie-sauvage/pieuvre_ou_poulpe/184019
pieuvre,SPECIES,prendre,"7,5 g par jour",NOUN,"En Méditerranée, pendant l'été, une pieuvre réussit, en 100 jours, à passer de 250 g à 1 kg (elle prend donc 7,5 g par jour).",https://www.larousse.fr/encyclopedie/vie-sauvage/pieuvre_ou_poulpe/184019
pieuvre,SPECIES,peser,1 kg à 18 mois,NOUN,"et M. J. Wells, une pieuvre qui pèse 1 kg à 18 mois a absorbé de 2,5 à 3 fois son propre poids pendant sa vie",https://www.larousse.fr/encyclopedie/vie-sauvage/pieuvre_ou_poulpe/184019
pieuvre,SPECIES,absorber,son propre poids pendant sa vie,NOUN,"et M. J. Wells, une pieuvre qui pèse 1 kg à 18 mois a absorbé de 2,5 à 3 fois son propre poids pendant sa vie",https://www.larousse.fr/encyclopedie/vie-sauvage/pieuvre_ou_poulpe/184019
pieuvre,SPECIES,accommoder,"des changements de luminosité ,",NOUN,"La vision s'accommode aisément des changements de luminosité, mais la pieuvre ne discerne pas les couleurs.",https://www.larousse.fr/encyclopedie/vie-sauvage/pieuvre_ou_poulpe/184019
pieuvre,SPECIES,discerner,les couleurs,NOUN,"La vision s'accommode aisément des changements de luminosité, mais la pieuvre ne discerne pas les couleurs.",https://www.larousse.fr/encyclopedie/vie-sauvage/pieuvre_ou_poulpe/184019
pieuvre,SPECIES,déchiqueter,les carcasses des crabes,NOUN,"Très puissantes, elles permettent à la pieuvre de déchiqueter les carcasses des crabes.",https://www.larousse.fr/encyclopedie/vie-sauvage/pieuvre_ou_poulpe/184019
pieuvre,SPECIES,retrouver,un membre parfaitement fonctionnel,NOUN,"Après amputation d'un bras, la pieuvre peut le régénérer, retrouvant à la fin un membre parfaitement fonctionnel.",https://www.larousse.fr/encyclopedie/vie-sauvage/pieuvre_ou_poulpe/184019
céphalopode,SPECIES,regrouper,tous les autres céphalopodes,NOUN,"les coléoïdés qui regroupent, eux, tous les autres céphalopodes.",https://www.larousse.fr/encyclopedie/vie-sauvage/pieuvre_ou_poulpe/184019
pieuvre commune,SPECIES,adopter,la vie benthique,NOUN,"Certaines espèces ont des œufs relativement gros, et, dans ce cas, les jeunes adoptent la vie benthique dès l'éclosion, alors que chez la pieuvre commune et les autres espèces à petits œufs il y a une",https://www.larousse.fr/encyclopedie/vie-sauvage/pieuvre_ou_poulpe/184019
pieuvre,SPECIES,favoriser,la dissémination,NOUN,"Pour certains naturalistes, cette phase favorise la dissémination, les espèces les plus largement répandues étant surtout les pieuvres de pleine eau (pélagiques) et celles vivant au fond des mers (ben",https://www.larousse.fr/encyclopedie/vie-sauvage/pieuvre_ou_poulpe/184019
pieuvre,SPECIES,comprendre,"cinq sous-familles , rassemblant 23 genres",NOUN,"La famille des pieuvres (octopodidés) comprend cinq sous-familles, rassemblant 23 genres.",https://www.larousse.fr/encyclopedie/vie-sauvage/pieuvre_ou_poulpe/184019
pieuvre,SPECIES,rassembler,23 genres,NOUN,"La famille des pieuvres (octopodidés) comprend cinq sous-familles, rassemblant 23 genres.",https://www.larousse.fr/encyclopedie/vie-sauvage/pieuvre_ou_poulpe/184019
octopus vulgaris,SPECIES,réunir,plus de 100 espèces,NOUN,"Créé en 1798 par Lamarck, il réunit actuellement plus de 100 espèces dont Octopus vulgaris .",https://www.larousse.fr/encyclopedie/vie-sauvage/pieuvre_ou_poulpe/184019
hapalochlaena,SPECIES,provoquer,la paralysie des muscles respiratoires,NOUN,"La morsure de Hapalochlaena maculosa , de Hapalochlaena lunulata et de Hapalochlaena fasciata peut être mortelle pour l'homme à cause des toxines puissantes sécrétées par les glandes salivaires postér",https://www.larousse.fr/encyclopedie/vie-sauvage/pieuvre_ou_poulpe/184019
octopode,SPECIES,produire,une nacelle dans laquelle elle s' abrite avec ses œufs,NOUN,C'est un octopode dont la femelle produit une nacelle dans laquelle elle s'abrite avec ses œufs.,https://www.larousse.fr/encyclopedie/vie-sauvage/pieuvre_ou_poulpe/184019
céphalopode,SPECIES,faire,l' objet,NOUN,"Enfin, de nombreuses espèces de céphalopodes font l'objet de pêches importantes d'un intérêt économique certain : ce sont surtout les calmars et les seiches.",https://www.larousse.fr/encyclopedie/vie-sauvage/pieuvre_ou_poulpe/184019
pieuvre commune,SPECIES,fréquenter,cette mer,NOUN,"En Méditerranée la pieuvre commune est le plus gros octopode de tous ceux qui fréquentent cette mer, avec Octopus macropus , céphalopode dont les bras sont plus longs et plus fins.",https://www.larousse.fr/encyclopedie/vie-sauvage/pieuvre_ou_poulpe/184019
pieuvre,SPECIES,quitter,les eaux côtières,NOUN,"En revanche, les animaux de grande taille, presque toujours des mâles, semblent quitter les eaux côtières à partir de la fin de l'été, tandis qu'au début de cette saison, près des côtes, un nouveau gr",https://www.larousse.fr/encyclopedie/vie-sauvage/pieuvre_ou_poulpe/184019
pieuvre,SPECIES,faire,son apparition,NOUN,"En revanche, les animaux de grande taille, presque toujours des mâles, semblent quitter les eaux côtières à partir de la fin de l'été, tandis qu'au début de cette saison, près des côtes, un nouveau gr",https://www.larousse.fr/encyclopedie/vie-sauvage/pieuvre_ou_poulpe/184019
pieuvre,SPECIES,représenter,un véritable danger,NOUN,"Se nourrissant surtout d'espèces de pleine eau (pélagiques), peu d'entre eux représentent un véritable danger pour les pieuvres.",https://www.larousse.fr/encyclopedie/vie-sauvage/pieuvre_ou_poulpe/184019
pieuvre,SPECIES,suivre,sa naissance,NOUN,"La fragilité des nouveau-nés La période la plus dangereuse dans la vie de la pieuvre est celle qui suit sa naissance, et qu'elle passe en pleine eau.",https://www.larousse.fr/encyclopedie/vie-sauvage/pieuvre_ou_poulpe/184019
pieuvre,SPECIES,dire,la reproduction et le repeuplement,NOUN,"Dans certains endroits, en limite de la distribution de l'espèce surtout, le recrutement, c'est-à-dire la reproduction et le repeuplement par une nouvelle génération de pieuvres, peut être perturbé pa",https://www.larousse.fr/encyclopedie/vie-sauvage/pieuvre_ou_poulpe/184019
pieuvre,SPECIES,anéantir,le recrutement,NOUN,"Dans la Manche, par exemple, la pieuvre était considérée, comme une calamité pour les pêcheurs de crustacés et les ostréiculteurs, jusqu'à ce qu'un hiver d'une rigueur exceptionnelle, dans les années ",https://www.larousse.fr/encyclopedie/vie-sauvage/pieuvre_ou_poulpe/184019
pieuvre,SPECIES,fasciner,les hommes,NOUN,"La pieuvre et l'homme Un animal mythique pourtant bien inoffensif Animal mystérieux, d'apparence quelque peu fantasmatique, avec ses huit bras armés de ventouses et son œil toujours vigilant, la pieuv",https://www.larousse.fr/encyclopedie/vie-sauvage/pieuvre_ou_poulpe/184019
pieuvre,SPECIES,attribuer,une dimension et des pouvoirs surhumains,NOUN,"La pieuvre et l'homme Un animal mythique pourtant bien inoffensif Animal mystérieux, d'apparence quelque peu fantasmatique, avec ses huit bras armés de ventouses et son œil toujours vigilant, la pieuv",https://www.larousse.fr/encyclopedie/vie-sauvage/pieuvre_ou_poulpe/184019
pieuvre,SPECIES,présenter,la pieuvre,NOUN,"Le mythe de la pieuvre géante De Victor Hugo à Jules Verne en passant par Simon de Montfort, les romanciers ont souvent présenté la pieuvre comme un monstre redoutable.",https://www.larousse.fr/encyclopedie/vie-sauvage/pieuvre_ou_poulpe/184019
pieuvre,SPECIES,exister,une très grosse espèce ( Octopus dofleini ),NOUN,"Pourtant, s'il existe bien dans l'océan Indien et dans le Pacifique deux petites pieuvres dangereuses pour l'homme et, sur les côtes du Pacifique nord, une très grosse espèce (Octopus dofleini) pouvan",https://www.larousse.fr/encyclopedie/vie-sauvage/pieuvre_ou_poulpe/184019
pieuvre,SPECIES,peser,jusqu' à 50 kg,NOUN,"Pourtant, s'il existe bien dans l'océan Indien et dans le Pacifique deux petites pieuvres dangereuses pour l'homme et, sur les côtes du Pacifique nord, une très grosse espèce (Octopus dofleini) pouvan",https://www.larousse.fr/encyclopedie/vie-sauvage/pieuvre_ou_poulpe/184019
pieuvre,SPECIES,rencontrer,les navigateurs,NOUN,"Quant à l'animal géant qu'ont parfois rencontré les navigateurs, le fameux Architeutis dont la taille peut atteindre 20 mètres, ce n'est pas une pieuvre, mais un calmar.",https://www.larousse.fr/encyclopedie/vie-sauvage/pieuvre_ou_poulpe/184019
pieuvre,SPECIES,atteindre,20 mètres,NOUN,"Quant à l'animal géant qu'ont parfois rencontré les navigateurs, le fameux Architeutis dont la taille peut atteindre 20 mètres, ce n'est pas une pieuvre, mais un calmar.",https://www.larousse.fr/encyclopedie/vie-sauvage/pieuvre_ou_poulpe/184019
pieuvre commune,SPECIES,apporter,de précieuses indications sur sa biologie,NOUN,"Mais l'étude en laboratoire sur d'autres aspects de la vie de la pieuvre commune, comme sa croissance, sa reproduction ou sa nutrition, a apporté de précieuses indications sur sa biologie et a permis ",https://www.larousse.fr/encyclopedie/vie-sauvage/pieuvre_ou_poulpe/184019
pieuvre commune,SPECIES,comprendre,celle d' autres céphalopodes,PRON,"Mais l'étude en laboratoire sur d'autres aspects de la vie de la pieuvre commune, comme sa croissance, sa reproduction ou sa nutrition, a apporté de précieuses indications sur sa biologie et a permis ",https://www.larousse.fr/encyclopedie/vie-sauvage/pieuvre_ou_poulpe/184019
pieuvre,SPECIES,croire,les pieuvres capables d' aller à terre voler des figues et des olives ou de faire ripaille dans les ,NOUN,"En Grèce, on croyait les pieuvres capables d'aller à terre voler des figues et des olives ou de faire ripaille dans les dépôts de poissons !",https://www.larousse.fr/encyclopedie/vie-sauvage/pieuvre_ou_poulpe/184019
pieuvre,SPECIES,voler,des figues et des olives ou de faire ripaille,NOUN,"En Grèce, on croyait les pieuvres capables d'aller à terre voler des figues et des olives ou de faire ripaille dans les dépôts de poissons !",https://www.larousse.fr/encyclopedie/vie-sauvage/pieuvre_ou_poulpe/184019
céphalopode,SPECIES,manger,leurs propres bras,NOUN,On les imaginait grimpant aux murs ou aux arbres – une croyance partagée par les Japonais et les habitants de certaines îles du Pacifique... Des naturalistes romains comme Pline l'Ancien ou Oppien pré,https://www.larousse.fr/encyclopedie/vie-sauvage/pieuvre_ou_poulpe/184019
céphalopode,SPECIES,constituer,", un élément important de l' alimentation , humaine , en raison surtout de la richesse en protéines ",NOUN,"Une source de protéines Appréciés depuis des siècles, à la fois comme appâts (en Amérique du Nord) et comme aliments, les céphalopodes constituent, aujourd'hui encore, un élément important de l'alimen",https://www.larousse.fr/encyclopedie/vie-sauvage/pieuvre_ou_poulpe/184019
céphalopode,SPECIES,représenter,une part variable mais non négligeable des prises annuelles de céphalopodes ( 3 892 145 de tonnes en,NOUN,Les statistiques de la FAO indiquent que les pieuvres représentent une part variable mais non négligeable des prises annuelles de céphalopodes (3 892 145 de tonnes en 2005).,https://www.larousse.fr/encyclopedie/vie-sauvage/pieuvre_ou_poulpe/184019
pieuvre commune,SPECIES,exposer,l' espèce aux dangers d' une pêche excessive,NOUN,"L'importance économique croissante de la pieuvre commune expose l'espèce aux dangers d'une pêche excessive, alors que les relations entre âge, taille, reproduction et taux de mortalité de l'animal son",https://www.larousse.fr/encyclopedie/vie-sauvage/pieuvre_ou_poulpe/184019
céphalopode,SPECIES,porter,deux yeux latéraux,NOUN,"Le poulpe est un mollusque de la classe des céphalopodes dont le corps se compose d'une grosse tête, portant deux yeux latéraux et cachant une bouche pourvue d'un bec à deux mandibules, semblables à c",https://www.peche.com/article/32277/le-poulpe-ce-cephalopode-intelligent
céphalopode,SPECIES,cacher,"une bouche pourvue d' un bec à deux mandibules , semblables à celles d' un bec de perroquet",NOUN,"Le poulpe est un mollusque de la classe des céphalopodes dont le corps se compose d'une grosse tête, portant deux yeux latéraux et cachant une bouche pourvue d'un bec à deux mandibules, semblables à c",https://www.peche.com/article/32277/le-poulpe-ce-cephalopode-intelligent
céphalopode,SPECIES,regrouper,"les céphalopodes ayant 8 tentacules ,",NOUN,"Les octopodes dont fait partie la pieuvre regroupent les céphalopodes ayant 8 tentacules, alors que les seiches et calamars font partie des décapodes qui ont 10 tentacules et possèdent une coquille in",https://www.peche.com/article/32277/le-poulpe-ce-cephalopode-intelligent
céphalopode,SPECIES,faire,des décapodes qui ont 10 tentacules et possèdent une coquille interne sous la peau du dos,NOUN,"Les octopodes dont fait partie la pieuvre regroupent les céphalopodes ayant 8 tentacules, alors que les seiches et calamars font partie des décapodes qui ont 10 tentacules et possèdent une coquille in",https://www.peche.com/article/32277/le-poulpe-ce-cephalopode-intelligent
céphalopode,SPECIES,posséder,une coquille interne,NOUN,"Les octopodes dont fait partie la pieuvre regroupent les céphalopodes ayant 8 tentacules, alors que les seiches et calamars font partie des décapodes qui ont 10 tentacules et possèdent une coquille in",https://www.peche.com/article/32277/le-poulpe-ce-cephalopode-intelligent
poulpe,SPECIES,voir,près du fond,ADV,"Le poulpe vit souvent près du fond et aime se faufiler dans les sédiments côtiers : le creux des roches, les herbiers de posidonie voire sous les gravillons.",https://www.peche.com/article/32277/le-poulpe-ce-cephalopode-intelligent
poulpe,SPECIES,faufiler,"le creux des roches , les herbiers de posidonie voire sous les gravillons",NOUN,"Le poulpe vit souvent près du fond et aime se faufiler dans les sédiments côtiers : le creux des roches, les herbiers de posidonie voire sous les gravillons.",https://www.peche.com/article/32277/le-poulpe-ce-cephalopode-intelligent
pieuvre,SPECIES,gratter,le fond,NOUN,Les pêcheurs en rockfishing qui grattent le fond aux leurres à la recherche de petits carnassiers tombent parfois sur une pieuvre .,https://www.peche.com/article/32277/le-poulpe-ce-cephalopode-intelligent
poulpe,SPECIES,rechercher,le poulpe,NOUN,"Pour rechercher spécifiquement le poulpe , un appât est cependant plus attractif, par exemple une sardine entière.",https://www.peche.com/article/32277/le-poulpe-ce-cephalopode-intelligent
pieuvre,SPECIES,capturer,"leur proie ( coquillages , poissons , crustacés )",NOUN,"Les pieuvres sont carnivores et capturent leur proie (coquillages, poissons, crustacés) avec leurs deux plus longs tentacules.",https://www.peche.com/article/32277/le-poulpe-ce-cephalopode-intelligent
poulpe,SPECIES,signaler,le passage d' un poulpe sur votre ligne,NOUN,C'est pourquoi un leurre ou un appât nettement sectionné peut signaler le passage d'un poulpe sur votre ligne !,https://www.peche.com/article/32277/le-poulpe-ce-cephalopode-intelligent
poulpe,SPECIES,éjecter,son encre,NOUN,"40 à 60 cm (800 g à 1 kg) Taille (hors tentacules) / poids maximum : 1,30 m (10 kg) Bon à savoir Une glande sécrète du noir et permet au poulpe d'éjecter son encre pour troubler l'eau.",https://www.peche.com/article/32277/le-poulpe-ce-cephalopode-intelligent
poulpe,SPECIES,troubler,l' eau,NOUN,"40 à 60 cm (800 g à 1 kg) Taille (hors tentacules) / poids maximum : 1,30 m (10 kg) Bon à savoir Une glande sécrète du noir et permet au poulpe d'éjecter son encre pour troubler l'eau.",https://www.peche.com/article/32277/le-poulpe-ce-cephalopode-intelligent
pieuvre,SPECIES,combiner,cette action,NOUN,"En combinant cette action avec le changement de coloration de sa peau, la pieuvre est dotée d'une aptitude de mimétisme exceptionnelle.",https://www.peche.com/article/32277/le-poulpe-ce-cephalopode-intelligent
pieuvre,SPECIES,voir,les 8 articles Nature d’ ici,NOUN,"Cet article fait partie du dossier La pieuvre, huit pieds sous les mers Voir les 8 articles Nature d’ici",https://www.salamandre.org/article/poulpe-intelligence-humains-neuf-cerveaux/
pieuvre,SPECIES,recouvrir,les deux tiers de la Terre,NOUN,d’ici Abonnés 20 faits incroyables à savoir sur le poulpe Les pieuvres évoluent dans un monde sans humains qui recouvre les deux tiers de la Terre,https://www.salamandre.org/article/poulpe-intelligence-humains-neuf-cerveaux/
poulpe,SPECIES,exister,au moins 300 espèces de poulpes décrites dans le monde,NOUN,Il existe au moins 300 espèces de poulpes décrites dans le monde.,https://www.salamandre.org/article/poulpe-intelligence-humains-neuf-cerveaux/
poulpe,SPECIES,soulever,beaucoup de questions,ADV,"), les poulpes soulèvent beaucoup de questions.",https://www.salamandre.org/article/poulpe-intelligence-humains-neuf-cerveaux/
pieuvre,SPECIES,changer,"Les pieuvres changent rapidement de couleur et de texture pour se dissimuler , communiquer ou intimi",NOUN,"Nature d’ici Abonnés Le super-pouvoir des pieuvres : changer de couleur ou de texture Les pieuvres changent rapidement de couleur et de texture pour se dissimuler, communiquer ou intimider.",https://www.salamandre.org/article/poulpe-intelligence-humains-neuf-cerveaux/
poulpe,SPECIES,vivre,les poulpes,NOUN,Revenir à l’article Auteur JEAN PHILIPPE PAUL Publié le 1 juin 2025 Mis à jour le 28 mai 2025 7 min de lecture À quelle profondeur vivent les poulpes ?,https://www.salamandre.org/article/poulpe-intelligence-humains-neuf-cerveaux/
octopus vulgaris,SPECIES,concerner,"le poulpe commun ( Octopus vulgaris ) , qui est le plus répandu et le plus typique du genre",NOUN,"Concernant le poulpe commun (Octopus vulgaris), qui est le plus répandu et le plus typique du genre, on le trouve essentiellement dès les premiers mètres du rivage et jusqu’à environ 150 m de fond, av",https://www.salamandre.org/article/poulpe-intelligence-humains-neuf-cerveaux/
poulpe,SPECIES,ressentir,des émotions,NOUN,Le poulpe ressent-il des émotions ?,https://www.salamandre.org/article/poulpe-intelligence-humains-neuf-cerveaux/
poulpe,SPECIES,considérer,les huit centres délocalisés,NOUN,"Alors, avec son gros cerveau, ou plutôt ses neuf cerveaux (si l’on considère les huit centres délocalisés dans chacun des bras) et un nombre de neurones presque équivalent à ce que l’on observe chez l",https://www.salamandre.org/article/poulpe-intelligence-humains-neuf-cerveaux/
poulpe,SPECIES,reproduire,les poulpes,NOUN,Comment se reproduisent les poulpes ?,https://www.salamandre.org/article/poulpe-intelligence-humains-neuf-cerveaux/
poulpe commun,SPECIES,utiliser,l’ un de ses bras,PRON,"Pour se reproduire, le poulpe utilise l’un de ses bras, le troisième à droite chez le mâle du poulpe commun.",https://www.salamandre.org/article/poulpe-intelligence-humains-neuf-cerveaux/
poulpe,SPECIES,insérer,l’ extrémité de ce membre spécial,NOUN,Le poulpe insère l’extrémité de ce membre spécial dans la cavité dite « palléale » de la femelle pour y déposer sa semence.,https://www.salamandre.org/article/poulpe-intelligence-humains-neuf-cerveaux/
poulpe,SPECIES,déposer,sa semence,NOUN,Le poulpe insère l’extrémité de ce membre spécial dans la cavité dite « palléale » de la femelle pour y déposer sa semence.,https://www.salamandre.org/article/poulpe-intelligence-humains-neuf-cerveaux/
céphalopode,SPECIES,développer,"des capacités remarquables et différentes de celles des vertébrés , dont ils sont séparés dans l’ év",NOUN,"Le poulpe et les autres céphalopodes ont développé des capacités remarquables et différentes de celles des vertébrés, dont ils sont séparés dans l’évolution depuis plus d’un demi-milliard d’années !",https://www.salamandre.org/article/poulpe-intelligence-humains-neuf-cerveaux/
poulpe,SPECIES,identifier,un problème et le comportement à adopter pour le résoudre,NOUN,"Les poulpes regardent, touchent, goûtent leur environnement, identifient un problème et le comportement à adopter pour le résoudre.",https://www.salamandre.org/article/poulpe-intelligence-humains-neuf-cerveaux/
poulpe,SPECIES,toucher,les différents orifices qui lui sont proposés et puis se faufile directement dans celui qui est tail,NOUN,"Le poulpe, oui : avec ses bras-cerveaux, il touche les différents orifices qui lui sont proposés et puis se faufile directement dans celui qui est taillé sur mesure pour lui.",https://www.salamandre.org/article/poulpe-intelligence-humains-neuf-cerveaux/
poulpe,SPECIES,peser,environ 1 gramme,NOUN,Le plus petit poulpe du monde (Octopus wolfi) mesure à peine 3 cm et pèse environ 1 gramme.,https://www.salamandre.org/article/poulpe-intelligence-humains-neuf-cerveaux/
pieuvre,SPECIES,peser,"plusieurs dizaines de kilos ( record 270 kg ) et plusieurs mètres ( record 9 m , tête + bras allongé",NOUN,"À l’autre extrême, la pieuvre géante du Pacifique peut peser plusieurs dizaines de kilos (record 270 kg) et plusieurs mètres (record 9 m, tête + bras allongés).",https://www.salamandre.org/article/poulpe-intelligence-humains-neuf-cerveaux/
poulpe commun,SPECIES,peser,3 kg pour 60 cm,NOUN,"Le poulpe commun pèse en moyenne 3 kg pour 60 cm, mais certains individus doublent ces mensurations.",https://www.salamandre.org/article/poulpe-intelligence-humains-neuf-cerveaux/
poulpe commun,SPECIES,doubler,ces mensurations,NOUN,"Le poulpe commun pèse en moyenne 3 kg pour 60 cm, mais certains individus doublent ces mensurations.",https://www.salamandre.org/article/poulpe-intelligence-humains-neuf-cerveaux/
poulpe,SPECIES,produire,leur encre,NOUN,Pourquoi et comment les poulpes produisent-ils leur encre ?,https://www.salamandre.org/article/poulpe-intelligence-humains-neuf-cerveaux/
poulpe,SPECIES,mobiliser,les deux tiers du cerveau central,NOUN,"Car les yeux du poulpe, même s’ils voient en noir et blanc, sont très importants : ils mobilisent les deux tiers du cerveau central.",https://www.salamandre.org/article/poulpe-intelligence-humains-neuf-cerveaux/
poulpe,SPECIES,émettre,de sons,NOUN,"Les poulpes n’émettent pas de sons, mais les scientifiques ont pu documenter un bruit sec de coup de feu produit par un individu harcelé par des poissons.",https://www.salamandre.org/article/poulpe-intelligence-humains-neuf-cerveaux/
poulpe,SPECIES,documenter,un bruit sec de coup de feu produit par un individu harcelé par des poissons,NOUN,"Les poulpes n’émettent pas de sons, mais les scientifiques ont pu documenter un bruit sec de coup de feu produit par un individu harcelé par des poissons.",https://www.salamandre.org/article/poulpe-intelligence-humains-neuf-cerveaux/
poulpe,SPECIES,servir,"les "" tentacules "" du poulpe",NOUN,"À quoi servent les ""tentacules"" du poulpe?",https://www.salamandre.org/article/poulpe-intelligence-humains-neuf-cerveaux/
poulpe,SPECIES,posséder,de tentacules,NOUN,"En fait, le poulpe ne possède pas de tentacules.",https://www.salamandre.org/article/poulpe-intelligence-humains-neuf-cerveaux/
octopode,SPECIES,garder,huit bras + 2 tentacules,NOUN,"Les calamars et seiches (décapodiformes) ont gardé huit bras + 2 tentacules, tandis que les poulpes (octopodes) en ont perdu deux avec l’évolution et possèdent huit membres couverts de ventouses sur l",https://www.salamandre.org/article/poulpe-intelligence-humains-neuf-cerveaux/
octopode,SPECIES,posséder,huit membres couverts de ventouses sur l’ ensemble de leur face inférieure,NOUN,"Les calamars et seiches (décapodiformes) ont gardé huit bras + 2 tentacules, tandis que les poulpes (octopodes) en ont perdu deux avec l’évolution et possèdent huit membres couverts de ventouses sur l",https://www.salamandre.org/article/poulpe-intelligence-humains-neuf-cerveaux/
poulpe,SPECIES,tirer,des réponses que nous avons fait en direct à nos lecteurs dans la FAQ Sauvage dédiée au poulpe,NOUN,"Les réponses de cet article sont tirées des réponses que nous avons fait en direct à nos lecteurs dans la FAQ Sauvage dédiée au poulpe, du 21 au 28 mai 2025 .",https://www.salamandre.org/article/poulpe-intelligence-humains-neuf-cerveaux/
pieuvre,SPECIES,finir,"le temps où la pieuvre était , dans l’ imaginaire collectif , un effroyable monstre marin attaquant ",NOUN,"» Fini le temps où la pieuvre était, dans l’imaginaire collectif, un effroyable monstre marin attaquant le Nautilus de Jules Verne !",https://www.sorbonne-universite.fr/dossiers/sciences-de-la-mer/laure-bonnaud-ponticelli-la-capacite-danalyse-du-poulpe-est-phenomenale
pieuvre,SPECIES,attaquer,le Nautilus de Jules Verne,NOUN,"» Fini le temps où la pieuvre était, dans l’imaginaire collectif, un effroyable monstre marin attaquant le Nautilus de Jules Verne !",https://www.sorbonne-universite.fr/dossiers/sciences-de-la-mer/laure-bonnaud-ponticelli-la-capacite-danalyse-du-poulpe-est-phenomenale
céphalopode,SPECIES,établir,des pronostics (,NOUN,"Le céphalopode s’est par exemple illustré sous le pseudonyme Paul , lors de la Coupe du monde de football 2010, en établissant des pronostics (plus ou moins réussis) et plus récemment, dans La sagesse",https://www.sorbonne-universite.fr/dossiers/sciences-de-la-mer/laure-bonnaud-ponticelli-la-capacite-danalyse-du-poulpe-est-phenomenale
poulpe,SPECIES,analyser,des situations,NOUN,"Le poulpe est capable d’analyser des situations, d’identifier un problème, d'apprendre de son environnement et de reproduire des actions.",https://www.sorbonne-universite.fr/dossiers/sciences-de-la-mer/laure-bonnaud-ponticelli-la-capacite-danalyse-du-poulpe-est-phenomenale
poulpe,SPECIES,identifier,un problème,NOUN,"Le poulpe est capable d’analyser des situations, d’identifier un problème, d'apprendre de son environnement et de reproduire des actions.",https://www.sorbonne-universite.fr/dossiers/sciences-de-la-mer/laure-bonnaud-ponticelli-la-capacite-danalyse-du-poulpe-est-phenomenale
poulpe,SPECIES,reproduire,des actions,NOUN,"Le poulpe est capable d’analyser des situations, d’identifier un problème, d'apprendre de son environnement et de reproduire des actions.",https://www.sorbonne-universite.fr/dossiers/sciences-de-la-mer/laure-bonnaud-ponticelli-la-capacite-danalyse-du-poulpe-est-phenomenale
chromatophore,SPECIES,distinguer,des lobes qui gèrent des fonctions précises : la partie haute est dédiée aux fonctions d' analyse de,NOUN,"À l’intérieur, on distingue des lobes qui gèrent des fonctions précises : la partie haute est dédiée aux fonctions d'analyse de l'environnement et la partie basse aux fonctions motrices, aux mouvement",https://www.sorbonne-universite.fr/dossiers/sciences-de-la-mer/laure-bonnaud-ponticelli-la-capacite-danalyse-du-poulpe-est-phenomenale
chromatophore,SPECIES,gérer,des fonctions précises : la partie haute est dédiée aux fonctions d' analyse de l' environnement et ,NOUN,"À l’intérieur, on distingue des lobes qui gèrent des fonctions précises : la partie haute est dédiée aux fonctions d'analyse de l'environnement et la partie basse aux fonctions motrices, aux mouvement",https://www.sorbonne-universite.fr/dossiers/sciences-de-la-mer/laure-bonnaud-ponticelli-la-capacite-danalyse-du-poulpe-est-phenomenale
poulpe,SPECIES,évaluer,chacune d’ elle,PRON,"Lorsqu'on montre à un poulpe un chemin à emprunter par des ouvertures circulaires de diamètres différents, il va évaluer chacune d’elle en utilisant ses bras, et va finir par passer uniquement dans le",https://www.sorbonne-universite.fr/dossiers/sciences-de-la-mer/laure-bonnaud-ponticelli-la-capacite-danalyse-du-poulpe-est-phenomenale
poulpe,SPECIES,utiliser,ses bras,NOUN,"Lorsqu'on montre à un poulpe un chemin à emprunter par des ouvertures circulaires de diamètres différents, il va évaluer chacune d’elle en utilisant ses bras, et va finir par passer uniquement dans le",https://www.sorbonne-universite.fr/dossiers/sciences-de-la-mer/laure-bonnaud-ponticelli-la-capacite-danalyse-du-poulpe-est-phenomenale
poulpe,SPECIES,placer,un poulpe,NOUN,"Une des nombreuses expériences a consisté à placer un poulpe en présence d’un problème particulier, à savoir ouvrir une boîte contenant un crabe dont le rabat du couvercle est traversé par un tube.",https://www.sorbonne-universite.fr/dossiers/sciences-de-la-mer/laure-bonnaud-ponticelli-la-capacite-danalyse-du-poulpe-est-phenomenale
poulpe,SPECIES,ouvrir,une boîte contenant un crabe dont le rabat du couvercle,NOUN,"Une des nombreuses expériences a consisté à placer un poulpe en présence d’un problème particulier, à savoir ouvrir une boîte contenant un crabe dont le rabat du couvercle est traversé par un tube.",https://www.sorbonne-universite.fr/dossiers/sciences-de-la-mer/laure-bonnaud-ponticelli-la-capacite-danalyse-du-poulpe-est-phenomenale
poulpe,SPECIES,contenir,un crabe,NOUN,"Une des nombreuses expériences a consisté à placer un poulpe en présence d’un problème particulier, à savoir ouvrir une boîte contenant un crabe dont le rabat du couvercle est traversé par un tube.",https://www.sorbonne-universite.fr/dossiers/sciences-de-la-mer/laure-bonnaud-ponticelli-la-capacite-danalyse-du-poulpe-est-phenomenale
poulpe,SPECIES,trouver,une solution,NOUN,"Après des heures à essayer de trouver une solution, le poulpe a fini par s’en désintéresser.",https://www.sorbonne-universite.fr/dossiers/sciences-de-la-mer/laure-bonnaud-ponticelli-la-capacite-danalyse-du-poulpe-est-phenomenale
poulpe,SPECIES,analyser,la situation,NOUN,"Au bout de 30 minutes, le poulpe a analysé la situation et est allé enlever le tube.",https://www.sorbonne-universite.fr/dossiers/sciences-de-la-mer/laure-bonnaud-ponticelli-la-capacite-danalyse-du-poulpe-est-phenomenale
poulpe,SPECIES,enlever,le tube,NOUN,"Au bout de 30 minutes, le poulpe a analysé la situation et est allé enlever le tube.",https://www.sorbonne-universite.fr/dossiers/sciences-de-la-mer/laure-bonnaud-ponticelli-la-capacite-danalyse-du-poulpe-est-phenomenale
poulpe,SPECIES,faire,Le poulpe,NOUN,Un enfant en bas âge ne saurait pas faire Le poulpe a une « conscience » corporelle très aiguë de son environnement.,https://www.sorbonne-universite.fr/dossiers/sciences-de-la-mer/laure-bonnaud-ponticelli-la-capacite-danalyse-du-poulpe-est-phenomenale
poulpe,SPECIES,ressentir,la douleur,NOUN,Les poulpes ressentent-ils la douleur ?,https://www.sorbonne-universite.fr/dossiers/sciences-de-la-mer/laure-bonnaud-ponticelli-la-capacite-danalyse-du-poulpe-est-phenomenale
céphalopode,SPECIES,faire,un stage,NOUN,"Pendant mon DEA, j’ai fait un stage dans l’équipe de Renata Boucher-Rodoni, une grande spécialiste des céphalopodes et je suis tombée amoureuse de ces animaux.",https://www.sorbonne-universite.fr/dossiers/sciences-de-la-mer/laure-bonnaud-ponticelli-la-capacite-danalyse-du-poulpe-est-phenomenale
céphalopode,SPECIES,faire,une grande spécialiste des céphalopodes,ADJ,"Pendant mon DEA, j’ai fait un stage dans l’équipe de Renata Boucher-Rodoni, une grande spécialiste des céphalopodes et je suis tombée amoureuse de ces animaux.",https://www.sorbonne-universite.fr/dossiers/sciences-de-la-mer/laure-bonnaud-ponticelli-la-capacite-danalyse-du-poulpe-est-phenomenale
poulpe,SPECIES,signifier,plusieurs pieds,NOUN,"Poulpe est l’appellation la plus ancienne, du grec « polypous » qui signifie plusieurs pieds.",https://www.sorbonne-universite.fr/dossiers/sciences-de-la-mer/laure-bonnaud-ponticelli-la-capacite-danalyse-du-poulpe-est-phenomenale
pieuvre,SPECIES,distribuer,La lecture du roman d’ Adrian Tchaikovsky,NOUN,"L’intelligence distribuée de la pieuvre La lecture du roman d’Adrian Tchaikovsky, Dans les profondeurs du temps , nous plonge dans un monde peuplé de pieuvres super-intelligentes qui ont progressiveme",https://www.cortex-mag.net/lintelligence-distribuee-de-la-pieuvre/
pieuvre,SPECIES,remplacer,l’ Homme,NOUN,"L’intelligence distribuée de la pieuvre La lecture du roman d’Adrian Tchaikovsky, Dans les profondeurs du temps , nous plonge dans un monde peuplé de pieuvres super-intelligentes qui ont progressiveme",https://www.cortex-mag.net/lintelligence-distribuee-de-la-pieuvre/
pieuvre,SPECIES,célébrer,Adrian Tchaikovsky,PROPN,Mais c’est l’intelligence hors normes de la pieuvre qu’a choisi de célébrer Adrian Tchaikovsky dans son roman Dans les profondeurs du temps .,https://www.cortex-mag.net/lintelligence-distribuee-de-la-pieuvre/
pieuvre,SPECIES,modifier,des pieuvres,NOUN,"Un des membres de l’équipage scientifique, Disra Senkovi, modifie alors génétiquement des pieuvres pour en faire des ingénieurs sous-marins aux services des humains.",https://www.cortex-mag.net/lintelligence-distribuee-de-la-pieuvre/
pieuvre,SPECIES,faire,des ingénieurs sous-marins,NOUN,"Un des membres de l’équipage scientifique, Disra Senkovi, modifie alors génétiquement des pieuvres pour en faire des ingénieurs sous-marins aux services des humains.",https://www.cortex-mag.net/lintelligence-distribuee-de-la-pieuvre/
octopode,SPECIES,développer,leur propre civilisation sur ce nouveau monde,NOUN,"Mais, grâce à leur grande intelligence, les pieuvres développent leur propre civilisation sur ce nouveau monde… « Les octopodes connaissaient [",https://www.cortex-mag.net/lintelligence-distribuee-de-la-pieuvre/
octopode,SPECIES,développer,Les octopodes,NOUN,"Mais, grâce à leur grande intelligence, les pieuvres développent leur propre civilisation sur ce nouveau monde… « Les octopodes connaissaient [",https://www.cortex-mag.net/lintelligence-distribuee-de-la-pieuvre/
céphalopode,SPECIES,manifester,des comportements intelligents qui étonnent par leur sophistication,NOUN,Sans doute parce que les céphalopodes manifestent des comportements intelligents qui étonnent par leur sophistication.,https://www.cortex-mag.net/lintelligence-distribuee-de-la-pieuvre/
octopus vulgaris,SPECIES,contenir,environ 500 millions de neurones Changements de pigmentation d’ une pieuvre observés pendant son som,NOUN,La pieuvre dispose d’un gros cerveau : celui-ci contient environ 500 millions de neurones Changements de pigmentation d’une pieuvre observés pendant son sommeil © Nature on PBS / Passion Planet Ltd Po,https://www.cortex-mag.net/lintelligence-distribuee-de-la-pieuvre/
pieuvre,SPECIES,contenir,environ 500 millions de neurones,NOUN,"Au vu de sa taille globale, la pieuvre dispose d’un gros cerveau : celui-ci contient environ 500 millions de neurones, autant que le chien [",https://www.cortex-mag.net/lintelligence-distribuee-de-la-pieuvre/
pieuvre,SPECIES,contenir,le chien,NOUN,"Au vu de sa taille globale, la pieuvre dispose d’un gros cerveau : celui-ci contient environ 500 millions de neurones, autant que le chien [",https://www.cortex-mag.net/lintelligence-distribuee-de-la-pieuvre/
céphalopode,SPECIES,analyser,"des stimuli sensoriels , de mémoriser et d’ apprendre",NOUN,"Question capacités cognitives, on sait que le céphalopode est capable d’analyser des stimuli sensoriels, de mémoriser et d’apprendre.",https://www.cortex-mag.net/lintelligence-distribuee-de-la-pieuvre/
pieuvre,SPECIES,explorer,les fonds marins,NOUN,"Lorsque la pieuvre explore les fonds marins, avec ses ventouses, c’est autant de possibilités pour se saisir d’objets.",https://www.cortex-mag.net/lintelligence-distribuee-de-la-pieuvre/
pieuvre,SPECIES,saisir,d’ objets,NOUN,"Lorsque la pieuvre explore les fonds marins, avec ses ventouses, c’est autant de possibilités pour se saisir d’objets.",https://www.cortex-mag.net/lintelligence-distribuee-de-la-pieuvre/
pieuvre,SPECIES,posséder,une intelligence « extraterrestre »,NOUN,"Avec ces capacités cérébrales uniques, on dit souvent de la pieuvre qu’elle possède une intelligence « extraterrestre » : ce terme a-t-il été un déclic pour Adrian Tchaikovsky, lorsqu’imaginant son hi",https://www.cortex-mag.net/lintelligence-distribuee-de-la-pieuvre/
pieuvre,SPECIES,imaginer,son histoire,NOUN,"Avec ces capacités cérébrales uniques, on dit souvent de la pieuvre qu’elle possède une intelligence « extraterrestre » : ce terme a-t-il été un déclic pour Adrian Tchaikovsky, lorsqu’imaginant son hi",https://www.cortex-mag.net/lintelligence-distribuee-de-la-pieuvre/
pieuvre,SPECIES,aider,de pieuvres,NOUN,"Avec ces capacités cérébrales uniques, on dit souvent de la pieuvre qu’elle possède une intelligence « extraterrestre » : ce terme a-t-il été un déclic pour Adrian Tchaikovsky, lorsqu’imaginant son hi",https://www.cortex-mag.net/lintelligence-distribuee-de-la-pieuvre/
pieuvre,SPECIES,bâtir,leurs infrastructures sous-marines,NOUN,"Avec ces capacités cérébrales uniques, on dit souvent de la pieuvre qu’elle possède une intelligence « extraterrestre » : ce terme a-t-il été un déclic pour Adrian Tchaikovsky, lorsqu’imaginant son hi",https://www.cortex-mag.net/lintelligence-distribuee-de-la-pieuvre/
pieuvre,SPECIES,renfermer,"un cerveau qui , s’ il contrôle classiquement les fonctions centrales de l’ animal ( comme la régula",NOUN,"La tête de la pieuvre renferme un cerveau qui, s’il contrôle classiquement les fonctions centrales de l’animal (comme la régulation des fonction vitales, l’intégration sensorielle ou la gestion du som",https://www.cortex-mag.net/lintelligence-distribuee-de-la-pieuvre/
pieuvre,SPECIES,comporte,huit prolongements : un dans chaque bras ( voir schéma ),NOUN,"La tête de la pieuvre renferme un cerveau qui, s’il contrôle classiquement les fonctions centrales de l’animal (comme la régulation des fonction vitales, l’intégration sensorielle ou la gestion du som",https://www.cortex-mag.net/lintelligence-distribuee-de-la-pieuvre/
pieuvre,SPECIES,utiliser,le terme de « domaine »,NOUN,"D’ailleurs côté SF, sur Damas, les pieuvres super-évoluées sont conscientes de cette distribution cérébrale et aiment à la préciser : elles utilisent ainsi le terme de « domaine » pour désigner la par",https://www.cortex-mag.net/lintelligence-distribuee-de-la-pieuvre/
pieuvre,SPECIES,désigner,la partie du cerveau qui occupe la tête et le terme de « couronne » pour l’ ensemble des huit prolon,NOUN,"D’ailleurs côté SF, sur Damas, les pieuvres super-évoluées sont conscientes de cette distribution cérébrale et aiment à la préciser : elles utilisent ainsi le terme de « domaine » pour désigner la par",https://www.cortex-mag.net/lintelligence-distribuee-de-la-pieuvre/
pieuvre,SPECIES,occuper,la tête,NOUN,"D’ailleurs côté SF, sur Damas, les pieuvres super-évoluées sont conscientes de cette distribution cérébrale et aiment à la préciser : elles utilisent ainsi le terme de « domaine » pour désigner la par",https://www.cortex-mag.net/lintelligence-distribuee-de-la-pieuvre/
céphalopode,SPECIES,contenir,des deux tiers des neurones du céphalopode,NOUN,"Fait remarquable, la « couronne » de la pieuvre contient près des deux tiers des neurones du céphalopode, soit la grande majorité.",https://www.cortex-mag.net/lintelligence-distribuee-de-la-pieuvre/
céphalopode,SPECIES,contenir,soit la grande majorité,NOUN,"Fait remarquable, la « couronne » de la pieuvre contient près des deux tiers des neurones du céphalopode, soit la grande majorité.",https://www.cortex-mag.net/lintelligence-distribuee-de-la-pieuvre/
céphalopode,SPECIES,réaliser,de nombreux comportements à l’ aide de ses bras,NOUN,"Cet équipement neuronal, associé à une structure musculaire sans squelette, permet au céphalopode de réaliser de nombreux comportements à l’aide de ses bras.",https://www.cortex-mag.net/lintelligence-distribuee-de-la-pieuvre/
pieuvre,SPECIES,donne,l’ occasion de le sentir ou de le goûter,NOUN,"Lors de ses explorations sous-marines, la pieuvre se déplace et touche son environnement, ce qui lui donne l’occasion de le sentir ou de le goûter.",https://www.cortex-mag.net/lintelligence-distribuee-de-la-pieuvre/
pieuvre,SPECIES,utiliser,des outils,NOUN,"La pieuvre se nettoie, chasse, utilise des outils – on le rappelle – et construit des abris [",https://www.cortex-mag.net/lintelligence-distribuee-de-la-pieuvre/
pieuvre,SPECIES,réaliser,la plupart des comportements observés avant amputation,NOUN,un bras de pieuvre amputé est capable de se déplacer et de réaliser la plupart des comportements observés avant amputation !,https://www.cortex-mag.net/lintelligence-distribuee-de-la-pieuvre/
pieuvre,SPECIES,doter,chaque bras de pieuvre habitant Damas d’ un esprit,NOUN,"Laissant libre court à son imagination, Adrian Tchaikovsky voit plus loin que les faits scientifiques en dotant chaque bras de pieuvre habitant Damas d’un esprit.",https://www.cortex-mag.net/lintelligence-distribuee-de-la-pieuvre/
pieuvre,SPECIES,adapter,les actions de ses bras en fonction des informations visuelles qu’ elle reçoit,NOUN,"Lors d’un comportement de chasse toutefois, la pieuvre doit adapter les actions de ses bras en fonction des informations visuelles qu’elle reçoit [",https://www.cortex-mag.net/lintelligence-distribuee-de-la-pieuvre/
pieuvre,SPECIES,mesurer,les réponses cellulaires du cerveau de la pieuvre,NOUN,"Répondre à cette question est un réel défi car mesurer les réponses cellulaires du cerveau de la pieuvre est, du fait de son corps mou et de son mode de vie aquatique, très compliqué… Mais passionnant",https://www.cortex-mag.net/lintelligence-distribuee-de-la-pieuvre/
pieuvre,SPECIES,connaître,le nôtre,NOUN,"En connaître davantage sur le fonctionnement cérébral de la pieuvre, c’est aussi mieux connaître le nôtre et s’offrir l’occasion de potentielles découvertes en robotique [",https://www.cortex-mag.net/lintelligence-distribuee-de-la-pieuvre/
pieuvre,SPECIES,offrir,l’ occasion de potentielles découvertes en robotique,NOUN,"En connaître davantage sur le fonctionnement cérébral de la pieuvre, c’est aussi mieux connaître le nôtre et s’offrir l’occasion de potentielles découvertes en robotique [",https://www.cortex-mag.net/lintelligence-distribuee-de-la-pieuvre/
pieuvre,SPECIES,réaliser,des calculs complexes,NOUN,"Sur Damas, la « couronne » des pieuvres d’Adrian Tchaikovsky évolue et devient capable de réaliser des calculs complexes et de stocker un grand nombre de données à la demande du « domaine ».",https://www.cortex-mag.net/lintelligence-distribuee-de-la-pieuvre/
pieuvre,SPECIES,stocker,un grand nombre de données à la demande du « domaine »,NOUN,"Sur Damas, la « couronne » des pieuvres d’Adrian Tchaikovsky évolue et devient capable de réaliser des calculs complexes et de stocker un grand nombre de données à la demande du « domaine ».",https://www.cortex-mag.net/lintelligence-distribuee-de-la-pieuvre/
poulpe,SPECIES,faire,la ... Nature d’ ici Nature,NOUN,Comment se fait la ... Nature d’ici Nature d’ici Abonnés Bientôt des élevages intensifs de poulpes ?,https://www.salamandre.org/article/a-travers-les-oceans-des-poulpes-aux-couleurs-extravagantes/
céphalopode,SPECIES,mettre,2 min de lecture,NOUN,"Revenir à l’article Auteur JEAN PHILIPPE PAUL Publié le 1 juin 2025 Mis à jour le 3 juin 2025 2 min de lecture Les 300 espèces de poulpes représentent un gros tiers de la diversité des céphalopodes, e",https://www.salamandre.org/article/a-travers-les-oceans-des-poulpes-aux-couleurs-extravagantes/
céphalopode,SPECIES,représenter,"un gros tiers de la diversité des céphalopodes , et des découvertes",NOUN,"Revenir à l’article Auteur JEAN PHILIPPE PAUL Publié le 1 juin 2025 Mis à jour le 3 juin 2025 2 min de lecture Les 300 espèces de poulpes représentent un gros tiers de la diversité des céphalopodes, e",https://www.salamandre.org/article/a-travers-les-oceans-des-poulpes-aux-couleurs-extravagantes/
poulpe,SPECIES,consommer,des petits crustacés,NOUN,"Le Gallais Poulpe blanc Parmi les espèces les plus pêchées dans le bassin méditerranéen, le poulpe blanc vit entre 200 et 800 m de profondeur où il consomme très majoritairement des petits crustacés.",https://www.salamandre.org/article/a-travers-les-oceans-des-poulpes-aux-couleurs-extravagantes/
poulpe,SPECIES,voir,le sommaire Revue en ligne,NOUN,"Poulpe de Baird (Bathypolypus bairdii) / © Joannie Venne Cet article est extrait de la Revue Salamandre n° 288 Juin - Juillet 2025 , article initialement paru sous le titre ""Diversité"" Voir le sommair",https://www.salamandre.org/article/a-travers-les-oceans-des-poulpes-aux-couleurs-extravagantes/
poulpe,SPECIES,dépasser,la fiction,NOUN,"En effet, le poulpe, comme on l’appelle aussi, est une réalité qui dépasse la fiction.",https://www.salamandre.org/article/a-travers-les-oceans-des-poulpes-aux-couleurs-extravagantes/
pieuvre,SPECIES,posséder,dix bras au lieu de huit pour les pieuvres,NOUN,Ils possèdent dix bras au lieu de huit pour les pieuvres.,https://junior.universalis.fr/encyclopedie/pieuvre
pieuvre,SPECIES,trouver,des mollusques,NOUN,"Il en existe plus de 100 000 espèces (pieuvres, huîtres, escargots, calmars).Répartition géographiqueOn trouve des mollusques un peu partout dans le monde.",https://junior.universalis.fr/encyclopedie/pieuvre
pieuvre,SPECIES,trouver,un peu partout dans le monde,NOUN,"Il en existe plus de 100 000 espèces (pieuvres, huîtres, escargots, calmars).Répartition géographiqueOn trouve des mollusques un peu partout dans le monde.",https://junior.universalis.fr/encyclopedie/pieuvre
